"","V1","V2"
"19",8521,22806
"20",8521,22800
"125",8346,25979
"645",144,16642
"699",8626,25104
"701",8626,19882
"702",8626,19874
"703",8626,19880
"704",8626,19878
"705",8626,19876
"706",8626,19875
"707",8626,22370
"708",8626,5202
"709",8626,5218
"710",8626,5211
"711",8626,5215
"715",8644,23996
"726",7266,26029
"727",7266,17341
"728",7266,26031
"729",7266,17336
"730",7266,10613
"731",7266,25090
"732",7266,1123
"733",7266,10614
"734",7266,1121
"918",3483,24456
"919",8680,19283
"920",8680,5202
"992",8694,6276
"993",8694,6282
"1007",2264,8579
"1021",8703,19673
"1022",8703,19674
"1103",5740,25731
"1241",8745,13032
"1242",8745,13026
"1243",8745,13031
"1244",8745,4654
"1245",8745,4656
"1246",8745,9758
"1247",8745,9239
"1248",8745,9232
"1249",8745,5741
"1250",8745,13172
"1255",8748,14723
"1283",8626,26976
"1399",8770,6821
"1462",8783,25692
"1463",8783,25691
"1464",8783,25689
"1465",8783,25690
"1466",8783,25693
"1623",7266,27520
"1624",7266,27213
"1790",8825,11820
"1873",8837,19673
"1874",8837,19674
"1883",8626,27698
"1920",8694,27033
"1921",8694,27025
"1922",8694,27028
"1923",8694,27024
"1924",144,6561
"1925",144,26248
"2125",8901,19673
"2126",8901,19674
"2245",8926,26571
"2268",5740,16205
"2269",8346,25981
"2309",8952,9062
"2310",8952,9057
"2349",8959,26749
"2362",8962,9026
"2363",8962,9040
"2400",8493,28067
"2401",8493,28183
"2402",8493,26068
"2403",8493,26066
"2404",8493,11875
"2405",8493,27395
"2406",8493,11874
"2407",8493,26067
"2408",8493,26069
"2409",8493,25862
"2410",8493,11866
"2411",8493,11870
"2412",8493,11869
"2413",8493,11867
"2414",8493,11868
"2415",8493,11872
"2416",8493,11871
"2552",9014,28208
"2685",9040,1716
"2686",9040,19020
"2687",9040,7430
"2688",9040,7510
"2689",9040,28357
"2740",9067,8936
"2762",9067,9026
"2821",8680,22327
"2822",8680,9769
"2823",8680,13971
"2824",8680,27425
"2825",8680,16358
"2826",8680,8812
"2827",8680,25776
"2828",8680,26894
"2829",8680,27587
"2873",9110,11527
"2896",9115,26900
"2897",9115,26923
"2979",9115,25714
"2993",9115,25736
"2994",9115,21122
"2995",9115,21124
"3117",8346,29139
"3118",8346,29008
"3119",8346,29009
"3120",8346,29156
"3125",9157,26042
"3126",9157,27391
"3195",8626,28801
"3217",8626,22099
"3529",9204,26092
"3530",9204,26093
"3531",9204,26084
"3532",9204,26090
"3533",9204,26091
"3534",9204,26087
"3535",9204,26088
"3536",9204,26085
"3537",9204,26089
"3538",9204,26086
"3548",9207,26042
"3549",9207,13961
"3550",9207,28159
"3551",9207,13963
"3552",9207,13960
"3553",9207,13962
"3554",9207,13964
"3555",9207,25714
"3668",9230,29567
"3676",9236,7021
"3677",9236,7022
"3678",9236,4080
"3679",9236,4081
"3680",9236,4079
"3681",9236,4078
"3682",9236,4077
"3683",9236,7011
"3684",9236,7020
"3685",9236,7012
"3686",9236,7013
"3687",9236,7014
"3688",9236,7015
"3689",9236,7016
"3690",9236,7017
"3691",9236,7018
"3692",9236,7019
"3693",9236,4076
"3729",9243,22798
"3730",9243,22807
"3731",9243,22800
"3732",9243,22797
"3733",9243,22808
"3734",9243,22801
"3735",9243,22805
"3736",9243,22799
"3737",9243,22804
"3738",9243,22803
"3739",9243,22806
"3740",9243,22802
"3741",9243,12472
"3742",9243,12473
"3743",9243,12474
"3744",9243,12475
"3745",9243,12476
"3746",9243,12477
"3747",9243,12478
"3748",9243,12479
"3749",9243,12480
"3750",9243,12481
"3751",9243,12482
"3752",9243,10264
"3753",9243,866
"3754",9243,4749
"3755",9243,4750
"3756",9243,4752
"3757",9243,4753
"3758",9243,4754
"3759",9243,4755
"3760",9243,4751
"3761",9243,4756
"3762",9243,4757
"3763",9243,4758
"3764",9243,4759
"3765",9243,4748
"3766",9243,21021
"3767",9243,28257
"3768",9243,28256
"3769",9243,28258
"3778",5740,25756
"3991",5740,3889
"3992",5740,25511
"3993",5740,8046
"4063",8626,20781
"4064",8626,20783
"4065",8626,20786
"4066",8626,20787
"4067",8626,20788
"4068",8626,26978
"4069",8626,26302
"4070",8626,28189
"4071",8626,25103
"4073",8626,14549
"4256",8626,22557
"4743",7442,28857
"4744",7442,28856
"5017",8626,16358
"5019",8626,21168
"5020",8626,21170
"5021",8626,21169
"5023",8626,24999
"5190",9361,29860
"5191",9361,29888
"5192",9361,29889
"5271",9369,27205
"5555",9115,28106
"5587",8346,30041
"5588",8346,29934
"5589",8346,29761
"5611",3052,26011
"5612",3052,26010
"5616",9375,8898
"5744",8412,14163
"5745",8412,12928
"5746",8412,10140
"5747",8412,13807
"5748",8412,13813
"5749",8412,13814
"5750",8412,24817
"5751",8412,24818
"5752",8412,24815
"5753",8412,24816
"5754",8412,10800
"5755",8412,20489
"5756",8412,18040
"5757",8412,18043
"5758",8412,13704
"5759",8412,10998
"5760",8412,10993
"5761",8412,7395
"5762",8412,19744
"5763",8412,13703
"5764",8412,24589
"5912",9425,8120
"5948",8626,25776
"5949",8626,29404
"5950",8626,7227
"5951",8626,7229
"5997",9441,7942
"5998",9441,7808
"5999",9441,7809
"6000",9441,7953
"6001",9441,7943
"6002",9441,7947
"6003",9441,7944
"6004",9441,7952
"6005",9441,7949
"6006",9441,7941
"6007",9441,7948
"6008",9441,7945
"6009",9441,7946
"6010",9441,7951
"6011",9441,7950
"6012",9441,4078
"6013",9441,4081
"6014",9441,4080
"6015",9441,7022
"6016",9441,7018
"6017",9441,7017
"6046",9445,22327
"6047",9445,22325
"6191",9463,14607
"6397",5740,23843
"6399",5740,19627
"6401",5740,15225
"6402",5740,15228
"7016",9207,30488
"7017",9207,25120
"7018",9207,20818
"7019",9207,20815
"7020",9207,20817
"7021",9207,26310
"7138",498,28856
"7139",498,28857
"7206",5432,28856
"7207",5432,28857
"7238",5918,28854
"7239",5918,28855
"7240",5918,28856
"7241",5918,28857
"7242",5918,28853
"7284",9207,28332
"7344",9520,26678
"7346",9520,4645
"7347",9520,3933
"7429",9520,29035
"7496",9547,22141
"7497",9547,22142
"7736",9207,29428
"7737",9207,11436
"7738",9207,11439
"7739",9207,11429
"7818",9520,30067
"8073",9625,10151
"8074",9625,10148
"8075",9625,10149
"8076",9625,10150
"8077",9625,10152
"8078",9625,10154
"8079",9625,10153
"8080",9625,10155
"8081",9625,10156
"8082",9625,10157
"8146",9641,27205
"8147",9641,5059
"8148",9641,13191
"8149",9641,13839
"8281",9701,27205
"8287",9701,32165
"8288",9701,23364
"8289",9701,23361
"8290",9701,6280
"8314",9664,31458
"8317",9664,29543
"8318",9664,32469
"8321",9664,695
"8361",9641,32779
"8366",2030,28106
"8367",2030,28107
"8384",9641,32797
"8406",9720,6887
"8407",9720,6885
"8408",9720,10452
"8409",9720,6886
"8410",9720,14940
"8441",9862,19863
"8622",9664,30159
"8738",9664,1123
"8752",9851,27550
"8790",9664,8934
"8795",9520,29151
"8831",9664,7285
"8924",10061,29408
"9556",8626,28680
"9648",10893,6268
"10120",8626,34123
"10121",8626,34127
"10122",8626,33241
"10143",8626,32901
"10162",8626,33635
"10208",8626,26894
"10232",8626,26105
"10233",8626,33978
"10236",8626,33984
"10249",8626,32513
"10271",8626,22389
"10839",3504,17502
"10863",11220,22231
"10864",11220,22232
"10865",11220,22230
"10866",11220,22233
"10867",11220,22234
"11081",11294,34409
"11242",9207,33972
"11284",11360,22479
"11292",9520,629
"11570",11583,27867
"11571",11583,28456
"11609",11588,22384
"12067",3984,35592
"12148",12204,5410
"12165",12204,20738
"12190",1379,8404
"12201",12204,15233
"12202",12204,12342
"12203",12204,3287
"12204",12204,25647
"12205",12204,2166
"12206",12204,2162
"12342",12296,18380
"12381",12563,35275
"12382",12563,35269
"12383",12563,35273
"12384",12563,35272
"12385",12563,35271
"12386",12563,35270
"12387",12563,35274
"12388",12563,35268
"12389",12563,26579
"12390",12563,28343
"12391",12563,33721
"12392",12563,33722
"12393",12563,28342
"12394",12563,35088
"12653",13896,30175
"12807",13931,10963
"12817",13931,27205
"12879",13931,36465
"12978",11815,1708
"13030",15490,35595
"13031",15497,22800
"13044",15751,35567
"13045",15751,19727
"13046",15751,19736
"13047",15751,5066
"13048",15751,27735
"13292",13931,8892
"13398",17868,22482
"13399",9207,14937
"13400",9207,27392
"13402",9664,37012
"13444",9664,36973
"13546",10936,32817
"13547",10936,36947
"13548",10936,35459
"13549",10936,28650
"13550",10936,11267
"13551",10936,11270
"13552",10936,11268
"13818",20598,32805
"13853",8626,37327
"13854",8626,37329
"13855",8626,37330
"13856",8626,37333
"13857",8626,37335
"14175",21526,9029
"14176",21526,9036
"14177",21526,35088
"14178",21526,33721
"14186",21526,8220
"14187",21526,8227
"14188",21526,35269
"14189",21526,35275
"14190",21526,35272
"14191",21526,33722
"14192",21526,35268
"14213",21662,36457
"14214",5740,13036
"14215",5740,13037
"14216",5740,13034
"14217",5740,31692
"14242",21526,37373
"14306",8694,4126
"14307",8694,5066
"14308",8694,5063
"14309",8694,5062
"14606",13974,31397
"14607",13974,36098
"14608",13974,27811
"14609",13974,28883
"14629",13974,7712
"14842",4845,4749
"14843",4845,4750
"14844",4845,4752
"14845",4845,4753
"14846",4845,4754
"14847",4845,4757
"14848",4845,4759
"14910",3951,30844
"14911",3951,25969
"14912",3951,36348
"14913",3951,23396
"14966",9207,38312
"15063",13974,38152
"15139",9664,38261
"15254",13974,38261
"15256",21662,36456
"15333",11583,38635
"15334",11583,38636
"15393",22501,21487
"15397",22503,21222
"15407",13974,38137
"15408",13974,38136
"15416",13974,15069
"15417",13974,15066
"15418",13974,38607
"15419",13974,23289
"15420",2116,12982
"15425",13974,27573
"15529",13974,38482
"15530",13974,30168
"15532",13974,36586
"15533",13974,29998
"15534",13974,37273
"15535",13974,37885
"15593",9664,27735
"15605",13974,31039
"15606",22587,36932
"15608",22587,9041
"15722",9664,36947
"15723",9664,39105
"15724",9664,38390
"15725",9664,32973
"15726",9664,38389
"15727",9664,16252
"15728",9664,16251
"15733",5740,36238
"15775",9664,36932
"15776",9664,27200
"15818",5740,37242
"15819",9664,4263
"15820",9664,30489
"15826",9665,37491
"15845",9664,39504
"16211",21526,16252
"16228",13974,35062
"16229",13974,13609
"16230",13974,13607
"16231",13974,13608
"16232",13974,13606
"16237",13974,28305
"16238",13974,22963
"16247",22912,6905
"16252",13974,34923
"16259",13974,39527
"16260",13974,39280
"16275",13974,27523
"16276",13974,29825
"16280",22932,5211
"16298",13974,39123
"16305",22957,12923
"16306",22957,12922
"16307",22957,12924
"16308",22957,12925
"16309",22957,12926
"16310",22957,12927
"16377",13974,30189
"16386",13974,22753
"16444",13974,38315
"16464",23070,36706
"16550",21526,39908
"16590",8626,34700
"16715",23157,22449
"16716",23157,22444
"16717",23157,22445
"16718",23157,22446
"16719",23157,22447
"16720",23157,22448
"16810",13974,30644
"16811",13974,34629
"16812",13974,34630
"16813",13974,39103
"16814",13974,35349
"16815",13974,35350
"16816",13974,38605
"16817",13974,38608
"16818",13974,38609
"16884",13974,37571
"16891",13974,40067
"16892",13974,40065
"16893",13974,40169
"16894",13974,40069
"16895",13974,40176
"16896",13974,40177
"16937",4709,28856
"16938",4709,28857
"16953",13974,22143
"16954",13974,22144
"17015",13974,34637
"17021",6250,28856
"17022",6250,28857
"17118",13974,40252
"17155",13974,38138
"17199",13974,40089
"17200",13974,1880
"17201",13974,1879
"17202",13974,40127
"17221",8802,32165
"17230",12239,28607
"17231",12239,28589
"17278",13974,38390
"17285",13974,40357
"17286",13974,40350
"17287",13974,36096
"17288",13974,40278
"17289",13974,38083
"17308",23475,40378
"17309",23475,40379
"17310",23475,40380
"17311",23475,40383
"17314",23475,40182
"17317",23217,32516
"17327",23478,34995
"17409",13974,40324
"17410",13974,40443
"17411",13974,40472
"18009",13974,40515
"18010",13974,38442
"18011",13974,38443
"18012",13974,38448
"18013",13974,38451
"18014",13974,38456
"18015",13974,38469
"18082",8626,40535
"18083",8626,40531
"18084",8626,40536
"18085",8626,40538
"18106",13974,5249
"18107",13974,39074
"18164",13974,40678
"18165",13974,40514
"18166",13974,38140
"18169",3108,27426
"18170",3108,9768
"18171",3108,9769
"18172",3108,16358
"18418",13974,40349
"18423",13974,40813
"18437",23843,20742
"18438",23843,20741
"18439",23843,20740
"18440",23843,20738
"18441",23843,20737
"18442",23843,20739
"18605",13974,40853
"18610",13974,8040
"18659",13974,40756
"18661",13974,41011
"18806",13974,40586
"18808",13974,40579
"18829",13974,27924
"18830",13974,27927
"18831",13974,27933
"18832",13974,27935
"18833",13974,27936
"18834",13974,27937
"18835",13974,27939
"18836",13974,27940
"18837",13974,27941
"18838",13974,27942
"18839",13974,27943
"18840",13974,27944
"18841",13974,27945
"18842",13974,27949
"18843",13974,27952
"18844",13974,31259
"18845",13974,27503
"19016",23934,32215
"19017",23934,32213
"19018",23934,18380
"19019",23934,18378
"19023",8626,40998
"19025",8626,41001
"19026",8626,35262
"19027",8626,34745
"19030",8626,37289
"19113",2116,1695
"19114",2116,1714
"19117",8626,36163
"19119",15497,440
"19121",13974,40792
"19207",13974,41102
"19221",13974,34110
"19222",13974,32061
"19274",13974,40531
"19280",8626,41321
"19293",13974,41170
"19295",13974,41171
"19311",13974,29977
"19312",13974,30118
"19313",13974,35972
"19314",13974,31916
"19315",2605,6905
"19316",2605,35596
"19317",13974,30316
"19355",13974,38135
"19356",13974,39129
"19359",13974,41168
"19581",13974,41464
"19582",13974,41462
"19583",13974,41463
"19584",13974,41461
"19585",13974,40583
"19586",13974,40582
"19587",13974,41460
"19589",13974,40437
"19590",13974,36226
"19591",13974,36225
"19592",13974,41404
"19631",25264,2264
"19632",25264,1548
"19633",25264,40127
"19634",25264,36640
"19635",25264,36773
"19691",13974,40438
"20364",13974,41420
"20524",25603,7015
"20525",25603,7018
"20526",25603,4077
"20527",25603,7949
"20528",25603,7941
"20529",25603,7942
"20541",13974,29446
"20542",13974,28801
"20545",13974,38313
"20546",13974,38314
"20547",13974,40677
"20551",25635,33689
"20593",25687,32516
"20625",13974,41199
"20626",13974,41200
"20627",13974,41811
"20628",13974,41786
"20641",13974,41698
"20643",13974,40904
"20644",13974,38631
"20645",13974,38630
"20646",13974,38632
"20647",13974,38902
"20648",13974,41374
"20649",13974,38485
"20650",13974,34742
"20651",13974,37492
"20653",13974,34737
"20654",13974,34745
"20655",13974,20818
"20656",13974,30488
"20657",13974,20816
"20658",13974,20819
"20659",13974,20817
"20865",26647,9061
"20866",26647,9065
"20867",26647,9070
"20868",26647,9077
"20870",26647,343
"20904",13974,41312
"20905",13974,42031
"20906",13974,40107
"20907",13974,41973
"20922",13974,41904
"20955",2122,32425
"20956",2122,30040
"20957",2122,30044
"20958",2122,28440
"20959",2122,6146
"20960",2122,6147
"20961",2122,6149
"20962",2122,6148
"20963",2122,6150
"20964",2122,7910
"20965",2122,6770
"20966",2122,12888
"20967",2122,93
"20968",2122,5890
"20969",2122,6531
"20970",2122,10698
"20971",2122,25014
"20972",2122,25318
"20973",2122,5730
"20974",2122,5731
"20975",2122,898
"20976",2122,5689
"20977",2122,10972
"20978",2122,5603
"20979",2122,24889
"20980",2122,35259
"20981",2122,35260
"20982",2122,32448
"20983",2122,34664
"21023",8626,41805
"21024",8626,41322
"21209",26852,40534
"21210",26852,40535
"21468",13974,17260
"21469",13974,17265
"21582",13974,25571
"21583",13974,25572
"21584",13974,31529
"21586",13974,35767
"21602",13974,42192
"21603",13974,42196
"21604",13974,42199
"21605",13974,42204
"21606",13974,42205
"21607",13974,42206
"21608",13974,27205
"21609",13974,5065
"21610",13974,42235
"21611",13974,41929
"21612",13974,41717
"21613",13974,41930
"21614",13974,41932
"21739",13974,41119
"21741",13974,29225
"21742",13974,24454
"21790",13974,38139
"21791",13974,38145
"21844",13974,21076
"21845",13974,21078
"21884",2116,29921
"21888",13974,32646
"21889",13974,32645
"21895",13974,40894
"21897",13974,41169
"21901",13974,40683
"21902",13974,41034
"21903",13974,35688
"21904",13974,35387
"21910",13974,39766
"21911",13974,42552
"21912",13974,40688
"21913",13974,37594
"21914",13974,34268
"21915",13974,18733
"21916",13974,25100
"21970",13974,42574
"21971",13974,42575
"21984",13974,34274
"22008",13974,42593
"22023",13974,22965
"22040",13974,26164
"22042",13974,27482
"22048",13974,25574
"22217",13974,42631
"22218",13974,41888
"22219",13974,39460
"22220",13974,39375
"22221",13974,38979
"22222",13974,41951
"22245",13974,42630
"22246",13974,42728
"22247",13974,42732
"22248",13974,42730
"22249",13974,42727
"22257",13974,42745
"22407",27803,42155
"22412",13974,38300
"22413",13974,38245
"22414",13974,38241
"22415",13974,38236
"22416",13974,38690
"22417",13974,38262
"22418",13974,38260
"22419",13974,38693
"22420",13974,38263
"22421",13974,38271
"22422",13974,38247
"22423",13974,38259
"22424",13974,38716
"22425",13974,38264
"22426",13974,38532
"22427",13974,42536
"22428",13974,9268
"22429",13974,9269
"22430",13974,9270
"22431",13974,9272
"22432",13974,9275
"22433",13974,9276
"22434",13974,9278
"22435",13974,9279
"22436",13974,9280
"22437",13974,9281
"22438",13974,9282
"22439",13974,9285
"22440",13974,9292
"22441",13974,9296
"22442",13974,9273
"22443",13974,9274
"22444",13974,9277
"22462",13974,42692
"22486",13974,39304
"22487",13974,18251
"22492",13974,40775
"22555",13974,42904
"22569",13974,42974
"22570",13974,42972
"22586",13974,40542
"22841",13974,24456
"22876",13974,28107
"22927",13974,42256
"22928",13974,42255
"22955",13974,33865
"22956",13974,19114
"22957",13974,19112
"23126",28058,41421
"23345",13974,43172
"23350",13974,43191
"23351",13974,43193
"23352",13974,43195
"23355",13974,43189
"23372",13974,41666
"23373",13974,40148
"23392",13974,42561
"23645",13974,43413
"23680",13974,19727
"23681",13974,35567
"23691",13974,40687
"23713",13974,30323
"23890",9463,38389
"23911",13974,41211
"23915",27966,5065
"23916",27966,5055
"23918",27966,5060
"23921",13974,37357
"23922",13974,41421
"23924",27966,41403
"23925",27966,36932
"23926",27966,9026
"23927",27966,6271
"23928",27966,42575
"24018",28839,39668
"24019",28839,5201
"24036",13974,43988
"24051",13974,39606
"24063",13974,27932
"24089",13974,22386
"24090",13974,22385
"24097",8680,5145
"24148",10936,35997
"24158",2605,26947
"24160",2605,5338
"24162",2605,5339
"24163",2605,5337
"24235",2122,16526
"24251",2122,8761
"24258",13974,30649
"24259",13974,30710
"24260",13974,30762
"24261",13974,30446
"24262",13974,30443
"24264",13974,44084
"24265",13974,28061
"24283",13974,32546
"24322",29068,41793
"24323",29068,41796
"24324",29068,41797
"24369",13974,42211
"24370",13974,42832
"24371",13974,44011
"24381",13974,7821
"24382",13974,34773
"24383",13974,32877
"24387",13974,25119
"24388",13974,20762
"24473",13974,44090
"24474",13974,44241
"24475",13974,23336
"24476",13974,23337
"24477",13974,27519
"24478",13974,39684
"24522",8626,44186
"24523",8626,44067
"24524",8626,44148
"24526",8626,44146
"24527",8626,44164
"24530",2605,41447
"24531",13974,44192
"24532",13974,43625
"24533",13974,44401
"24534",13974,43631
"24548",13974,15868
"24566",2116,4201
"24584",13974,44281
"24585",13974,44252
"24588",29542,37296
"24589",29542,35088
"24590",29542,28342
"24591",29542,33722
"24592",29542,33721
"24593",29542,28343
"24594",29542,26579
"24595",29542,35268
"24599",29542,35274
"24600",29542,35270
"24601",29542,35271
"24602",29542,35272
"24603",29542,35273
"24604",29542,35269
"24605",29542,35275
"24606",29542,37373
"24607",29542,37372
"24608",29542,43046
"24630",13974,43588
"24631",13974,43615
"24632",13974,44448
"24633",13974,44458
"24634",13974,44464
"24762",13974,44161
"24768",13974,43955
"24773",2122,4222
"24809",7266,44589
"24937",8626,43972
"24990",49610,22386
"24993",49610,21568
"24999",49610,21418
"25016",13974,44186
"25069",13974,44707
"25093",13974,44926
"25098",9664,44892
"25101",9664,16640
"25188",13974,44581
"25189",13974,43774
"25271",10936,44926
"25272",10936,44508
"25273",10936,44241
"25274",10936,43953
"25275",10936,38778
"25276",10936,35695
"25277",10936,35693
"25278",10936,36573
"25279",10936,35696
"25280",10936,13081
"25281",10936,13082
"25282",10936,43168
"25306",1131,29096
"25449",30053,22117
"25450",30053,22119
"25451",30053,22127
"25452",30053,22118
"25453",30053,22120
"25454",30053,22121
"25455",30053,22126
"25456",30053,22125
"25457",30053,22124
"25458",30053,22123
"25459",30053,22122
"25466",13974,45198
"25530",30095,44892
"25531",30095,41477
"25566",14636,21578
"25567",14636,44515
"25568",14636,44516
"25569",14636,42155
"25570",14636,42156
"25571",14636,41805
"25572",14636,40531
"25573",14636,41322
"25574",14636,41321
"25575",14636,40681
"25576",14636,40682
"25577",14636,40680
"25578",14636,40533
"25579",14636,40535
"25580",14636,40537
"25581",14636,40538
"25582",14636,34700
"25583",14636,34697
"25584",14636,24911
"25616",13974,44372
"25632",13974,43778
"25633",13974,45607
"25651",13974,45617
"25661",13974,45551
"25662",13974,45548
"25663",13974,45573
"25664",13974,44620
"25665",13974,44622
"25666",13974,44628
"25741",30159,44669
"25745",30159,37111
"25746",30159,1402
"25772",13974,44082
"25773",13974,43215
"25844",13974,45784
"25847",13974,44738
"25848",13974,44742
"25919",8626,44515
"25959",27899,43069
"26002",13974,46035
"26003",13974,43187
"26004",13974,45980
"26005",1371,45076
"26015",25264,33750
"26016",30275,45506
"26018",30275,20021
"26020",30275,8191
"26128",13974,43700
"26156",2288,11719
"26181",13974,44462
"26182",13974,45837
"26183",29973,36694
"26184",29973,36697
"26185",29973,36698
"26186",29973,36699
"26187",29973,36700
"26188",29973,36701
"26189",29973,36702
"26190",29973,36703
"26191",29973,36704
"26192",29973,36705
"26193",29973,36706
"26194",13974,44589
"26384",30418,21976
"26473",30397,46447
"26479",13974,26991
"26506",13974,9057
"26532",13974,46606
"26601",13974,38937
"26602",13974,27898
"26605",13974,46709
"26606",30526,41805
"26607",30526,42155
"26608",30526,40538
"26611",13974,46447
"26693",13974,24281
"26864",30612,23740
"26867",13974,47082
"26962",30655,44827
"27107",30705,13281
"27108",30705,13287
"27109",30705,13282
"27110",30705,479
"27112",30705,47233
"27113",30705,42729
"27114",30705,42733
"27116",30705,47232
"27169",30726,26474
"27215",28250,21306
"27245",13974,47358
"27260",9697,7044
"27264",3866,46039
"27265",3866,46041
"27266",3866,46042
"27267",3866,46053
"27268",3866,46040
"27269",3866,46070
"27270",3866,46071
"27304",13974,3511
"27349",13974,47415
"27374",30533,43812
"27386",13974,39202
"27387",13974,8334
"27392",25264,8875
"27395",30748,9036
"27474",13974,46051
"27476",13974,46048
"27477",13974,45054
"27478",13974,45052
"27496",5032,27205
"27497",5032,5066
"27498",5032,5065
"27499",5032,5059
"27500",5032,5056
"27501",5032,5055
"27502",5032,5063
"27503",5032,5062
"27590",3504,40535
"27591",3504,40680
"27763",6454,8575
"28056",5740,34038
"28057",5740,392
"28058",5740,13113
"28059",5740,16206
"28060",5740,8267
"28061",5740,22824
"28269",2116,22385
"28270",2116,24911
"28409",29542,9889
"28568",2116,24906
"28596",31082,5065
"28821",5977,6266
"28822",5977,6264
"28823",5977,6270
"28839",6900,26345
"28964",33517,27863
"29219",33517,12800
"29700",49610,21416
"29711",46340,48956
"29712",46340,48955
"29713",46340,49056
"29714",46340,49049
"29728",13974,47756
"29729",13974,47757
"29730",13974,47758
"29731",13974,47763
"29732",13974,47426
"29733",13974,47329
"29734",13974,47334
"29740",13974,45324
"29741",13974,48657
"29742",13974,48654
"29743",13974,43956
"29750",13974,48520
"29766",48157,28650
"29767",48157,11268
"29768",48157,11270
"29769",48157,11267
"29900",13974,40513
"29914",13974,48230
"29915",13974,47805
"30036",49610,21415
"30037",49610,22482
"30038",49610,21572
"30039",49610,21417
"30040",49610,22370
"30041",49610,21570
"30043",49610,22385
"30200",49610,21578
"30241",48157,47418
"30312",13974,47137
"30556",13974,45870
"30557",13974,44892
"30559",13974,22752
"30560",13974,40517
"30565",13974,45354
"30567",13974,45374
"30751",49610,6764
"30752",48866,41477
"30783",2164,14612
"30784",2164,15886
"30785",2164,14866
"30786",2164,14613
"30787",2164,19548
"30812",48860,44359
"30815",48860,3016
"30840",48860,48155
"30841",48860,48156
"30845",48860,48381
"30846",48748,49108
"30847",48748,49110
"30848",48748,49111
"30849",48748,49112
"30850",48748,49117
"30851",48748,49120
"30852",48748,29065
"30853",48748,29063
"30854",48748,29054
"30855",48860,38692
"30856",48860,41995
"30857",48860,4848
"30859",48860,8752
"30860",48860,8753
"30861",48860,8754
"30862",48860,8755
"30863",48860,8756
"30883",27963,45124
"31019",48938,48818
"31136",13974,49996
"31140",13974,50063
"31265",2970,1865
"31266",2970,9317
"31267",2970,9320
"31352",49010,35974
"31519",25603,7950
"31520",25603,7951
"31521",25603,7020
"31522",25603,7022
"31667",49610,21614
"31706",1371,31959
"31707",1371,43103
"31708",1371,40602
"31710",1371,17184
"31711",1371,28677
"31816",6803,1746
"31901",1371,50525
"31949",39900,22376
"31992",5740,4644
"31993",5740,14738
"31994",5740,10142
"31995",5740,2214
"31996",48938,48817
"31997",48938,48816
"31998",48938,48812
"31999",48938,48815
"32000",48938,48820
"32001",48938,48819
"32002",48938,48821
"32003",48938,48822
"32004",48938,48823
"32005",48938,48825
"32006",48938,48826
"32007",48938,48827
"32008",48938,48828
"32009",48938,48829
"32010",48938,48830
"32119",3108,50616
"32162",49231,21570
"32171",6803,695
"32183",39900,22377
"32184",39900,19455
"32185",39900,19454
"32186",39900,28776
"32187",39900,10104
"32460",49323,27251
"32509",9851,4640
"32510",9851,7334
"32512",48860,29945
"32513",48860,6219
"32514",48860,4640
"32515",48860,18576
"32718",27963,45128
"32719",27963,45127
"32720",27963,13840
"32721",27963,13832
"32722",27963,13839
"32723",27963,13833
"32724",27963,13835
"32725",27963,13836
"32726",27963,13837
"32727",27963,13838
"32728",27963,13834
"32925",14636,21576
"32926",14636,21613
"32927",14636,21577
"32928",14636,25532
"32929",14636,21575
"32930",14636,28801
"32931",14636,26220
"32932",14636,25104
"33043",8626,48741
"33044",8626,48633
"33045",8626,48842
"33046",8626,48843
"33053",49426,46042
"33056",49427,5179
"33057",49427,12069
"33315",49231,21572
"33316",49231,42704
"33502",10936,41686
"33503",10936,22540
"33504",10936,22541
"33505",10936,26227
"33506",10936,22538
"33507",10936,32439
"33508",10936,20047
"33509",10936,10954
"33623",48748,49107
"33724",49650,40808
"33725",49650,36025
"33726",49650,40809
"33727",49650,36026
"33728",49650,36027
"33729",49650,36028
"33730",49650,36029
"33731",49650,36030
"33732",49650,36031
"33733",49650,36032
"33734",49650,36033
"33735",49650,36034
"33736",49650,36036
"33956",6919,50430
"33957",6919,50425
"33958",6919,50427
"33959",6919,50431
"33960",6919,50433
"33998",49156,41457
"34032",1371,51795
"34033",1371,51294
"34034",1371,47309
"34035",1371,45086
"34036",1371,32109
"34037",1371,32049
"34038",1371,32050
"34039",1371,31958
"34040",1371,29935
"34041",1371,29252
"34042",1371,27686
"34082",8386,21706
"34083",8386,19723
"34084",8386,17216
"34090",8386,35803
"34110",21662,36398
"34111",21662,36400
"34112",21662,36401
"34113",21662,36399
"34114",21662,36403
"34115",21662,36449
"34116",21662,36450
"34117",21662,36454
"34118",21662,36451
"34150",49750,12800
"34325",14636,51881
"34326",14636,51885
"34327",14636,49752
"34335",14636,48633
"34470",8626,40996
"34473",49848,29830
"34589",49231,52299
"34672",2116,5064
"34673",2116,5052
"34708",30880,51881
"34810",23472,52435
"34811",23472,52438
"34812",23472,52439
"34813",23472,52440
"34814",23472,52444
"34815",23472,52447
"34816",23472,52448
"34817",23472,52449
"34836",49940,51577
"34840",49940,28801
"34841",49940,5209
"35180",27899,50859
"35211",50004,37059
"35212",50004,4125
"35213",50004,4126
"35214",50004,12803
"35215",50004,19208
"35216",50004,52393
"35217",50004,42182
"35244",10936,7130
"35245",10936,6162
"35246",10936,6048
"35247",10936,10755
"35248",10936,9748
"35249",10936,7131
"35253",50004,45127
"35254",50004,86
"35255",50004,87
"35256",50004,7510
"35258",50004,27390
"35518",50086,52413
"35519",50086,52930
"35520",50086,44084
"35521",50086,28061
"35522",50086,40658
"35523",50086,14212
"35524",50086,33876
"35525",50086,26459
"35526",50086,52825
"35576",25257,14275
"35577",25257,14274
"35603",25257,42289
"35612",25257,14273
"35613",25257,14272
"35618",50086,52324
"35619",50086,38390
"35626",50136,50785
"35627",50136,52299
"35628",50136,47783
"35629",50136,42703
"35741",50136,47298
"35871",9157,26460
"36092",50202,26484
"36268",5748,6257
"36269",5748,6274
"36270",50136,49752
"36271",50136,44769
"36272",50136,42704
"36278",49940,51677
"36631",9375,8883
"36633",50318,49723
"36634",50318,49726
"36635",50318,49727
"36636",50318,49729
"36637",50318,49810
"36640",4401,52907
"36641",4401,52909
"36642",4401,31374
"36643",4401,31375
"36729",50342,46309
"36741",9664,45928
"36742",9664,45620
"36748",50334,53029
"36749",50334,51687
"36750",50334,52413
"36793",33566,47686
"36794",33566,33562
"36805",30418,6383
"36967",44633,35421
"36969",2122,2479
"36970",44633,34680
"36971",2122,4829
"36972",2122,71
"36973",2122,6151
"36974",2122,73
"37146",50481,27205
"37147",50481,5053
"37151",50481,53784
"37159",50481,5057
"37173",50481,47484
"37179",50481,8527
"37180",50481,8537
"37354",44633,54048
"37498",50075,49026
"37514",29073,47203
"37515",29073,47237
"37516",29073,47236
"37517",29073,47238
"37518",29073,4642
"37519",29073,956
"37520",29073,4643
"37521",29073,4644
"37522",29073,4645
"37524",29073,40527
"37525",29073,40549
"37526",29073,40550
"37528",29073,17016
"37529",29073,17018
"37537",13958,2196
"37639",29073,30360
"37645",29073,11550
"37646",29073,4424
"37685",9397,10939
"37686",9397,10952
"37687",9397,10953
"37688",9397,10945
"37689",9397,10954
"37690",9397,10948
"37691",9397,10943
"37692",9397,10950
"37700",29073,54081
"37701",29073,54080
"37733",50004,34602
"37734",50004,35405
"37735",50004,35404
"37745",29073,43901
"37746",29073,53953
"37747",29073,50758
"37748",29073,50665
"37749",29073,54164
"37757",25264,27205
"37758",25264,5055
"37825",50481,17264
"37831",50481,51709
"37832",50481,51708
"37968",12204,47418
"37977",50654,46555
"37979",50654,28342
"37980",50654,33722
"37981",50654,33721
"37982",50654,28343
"37983",50654,26579
"37984",50654,35268
"37985",50654,35274
"37987",50654,35270
"37988",50654,35271
"37989",50654,35272
"37990",50654,35273
"37991",50654,35269
"37992",50654,35275
"38050",14636,53078
"38064",50654,594
"38066",50654,10662
"38069",50654,51946
"38070",50654,5057
"38072",50654,5056
"38078",50481,5645
"38079",50481,31308
"38102",50654,5050
"38157",50654,5058
"38158",50654,5066
"38160",50654,23535
"38165",50654,15924
"38186",50654,22370
"38187",50654,17522
"38188",50654,38944
"38189",50654,38945
"38190",50654,38947
"38191",50654,38948
"38192",50654,38949
"38193",50654,38950
"38194",50654,38952
"38195",50654,41854
"38196",50654,46005
"38197",50654,48740
"38198",50654,49040
"38199",50654,31798
"38200",50654,40222
"38201",50654,18077
"38202",50654,25287
"38203",50654,25288
"38205",50654,40514
"38206",50654,40517
"38207",50654,42255
"38208",50654,42256
"38243",50481,4019
"38283",3504,19722
"38320",50718,54756
"38324",33566,51702
"38404",50075,54081
"38683",50086,45267
"38774",50579,30970
"38838",50075,52224
"38883",49940,55256
"38891",50845,54909
"38892",50845,54907
"38893",50845,53982
"38894",50845,54074
"38895",50845,54908
"38896",50845,54910
"38897",50845,54911
"38898",50845,54912
"38899",50845,54916
"38900",50845,54918
"38901",50845,54919
"38902",50845,54917
"38903",50845,54920
"38904",50845,54921
"39100",6201,9897
"39224",1371,20740
"39226",1371,20742
"39278",50908,27590
"39541",51029,36953
"39880",50853,52903
"39991",51180,41193
"40211",21526,8216
"40212",21526,39910
"40321",50075,56229
"40349",9157,26465
"40400",51281,52324
"40401",51281,52979
"40402",51281,52930
"40403",51281,29396
"40404",51281,33962
"40405",51281,50109
"40406",51281,32971
"40545",6900,9074
"40546",50075,44892
"40605",50853,21568
"40669",5977,19864
"40670",14636,56416
"40671",14636,55221
"40869",51232,13191
"40870",51232,1858
"40871",51232,1856
"40872",51232,1855
"40873",51232,1857
"40874",51232,1853
"40875",51232,45870
"40876",51232,44892
"40877",51232,44987
"40878",51232,2161
"40967",51142,28106
"40968",51142,13403
"41252",51483,42574
"41254",49231,57049
"41266",51029,8401
"41268",51029,47458
"41273",51029,50895
"41274",51029,14477
"41278",51029,50992
"41287",49940,57063
"41305",51029,54958
"41307",50853,21418
"41313",50075,44683
"41373",51029,8404
"41374",51029,31062
"41401",51029,6269
"41502",51029,49643
"41574",49231,49156
"41580",50662,47662
"41581",50662,39406
"41587",50662,5628
"41597",51029,48530
"41601",51029,13191
"41727",445,1984
"41728",445,12521
"41779",9157,14866
"41780",9157,30920
"41781",9157,14615
"41864",9570,51702
"41865",9570,51703
"42000",51936,10145
"42219",450,874
"42220",450,873
"42221",450,871
"42267",207,13703
"42454",50481,48797
"42530",2122,5888
"42531",2122,3209
"42532",2122,3213
"42533",2122,18560
"42534",2122,70
"42541",52018,6362
"42553",2122,29783
"42662",51529,7947
"42663",50926,52849
"42685",52018,33442
"42686",52018,29276
"42687",52018,19718
"42688",52018,3811
"42693",50579,30973
"42987",52464,53455
"42988",52464,53277
"42989",52464,2821
"42990",52464,2820
"43086",52499,32818
"43087",52499,51125
"43088",52499,32819
"43089",52499,45168
"43090",52499,50767
"43132",52517,57202
"43133",52517,58115
"43134",52517,58116
"43135",52517,57763
"43136",52517,44649
"43137",52517,44057
"43146",52517,53171
"43170",52524,49715
"43171",52524,48205
"43172",52524,46908
"43173",52524,51125
"43174",52524,32819
"43175",52524,45168
"43181",52524,54877
"43182",52524,54878
"43183",52524,54879
"43268",52550,25637
"43269",52550,33321
"43270",52550,25633
"43276",52550,43000
"43284",52550,5715
"43285",52550,8936
"43321",52583,48442
"43322",52583,48504
"43323",52583,48460
"43571",29542,9898
"43862",52893,50665
"43863",52893,56444
"43864",52893,55098
"43865",52893,43792
"43922",52326,54452
"44008",51029,21639
"44016",51029,6264
"44018",51029,6268
"44057",51029,13477
"44105",53003,50665
"44107",53009,10117
"44108",53009,10118
"44109",53009,10119
"44110",53009,10120
"44145",8694,27020
"44146",8694,5064
"44147",8694,27023
"44148",8694,6280
"44149",8694,5061
"44150",8694,316
"44151",8694,27022
"44152",8694,6274
"44153",8694,5060
"44154",8694,27205
"44155",8694,6262
"44156",8694,5065
"44157",8694,5056
"44158",8694,27026
"44159",8694,27029
"44160",8694,6267
"44161",8694,1089
"44162",8694,343
"44163",8694,5054
"44164",8694,33002
"44165",8694,27030
"44166",8694,27027
"44167",8694,5055
"44168",8694,5059
"44169",8694,5050
"44170",8694,5053
"44171",8694,6257
"44172",8694,6275
"44173",8694,4124
"44174",8694,16673
"44175",8694,5049
"44176",8694,3185
"44177",8694,6272
"44178",8694,6277
"44179",8694,5052
"44180",8694,6261
"44181",8694,34519
"44182",8694,50834
"44183",29542,9900
"44184",29542,9890
"44185",29542,9892
"44289",207,18643
"44297",51029,58784
"44360",51029,14615
"44362",50481,3601
"44425",50481,54686
"44437",51029,57395
"44438",51029,57618
"44439",51029,57619
"44454",51029,57765
"44455",51029,57777
"44456",51029,57916
"44457",51029,27205
"44458",51029,29828
"44702",53353,56408
"44703",53353,56410
"44704",53353,20635
"44705",53353,20634
"44746",51232,8850
"44747",51232,4511
"44748",51232,16606
"44749",51232,13210
"44768",9157,7040
"44769",9157,7043
"44822",50970,59177
"44980",51232,6219
"44984",51029,52413
"45022",25264,38657
"45023",25264,37261
"45046",53353,11550
"45126",9157,39630
"45128",9157,49703
"45322",53533,42289
"45323",53533,42093
"45324",53533,42737
"45588",8680,21171
"45589",8680,9765
"45590",8680,12263
"45591",8680,13973
"45592",8680,15959
"45593",8680,1802
"45594",8680,25778
"45595",8680,27426
"45596",8680,26525
"45597",8680,13967
"45598",8680,19876
"45599",8680,25779
"45600",8680,1889
"45601",8680,9768
"45602",8680,5203
"45603",8680,6791
"45604",8680,10577
"45605",8680,29501
"45606",8680,21354
"45607",8680,13968
"45608",8680,22432
"45609",8680,13972
"45610",8680,29105
"45611",8680,13966
"45612",8680,24999
"45613",8680,5216
"45614",8680,11153
"45615",8680,26008
"45616",8680,1372
"45617",8680,18378
"45618",8680,33655
"45619",8680,13970
"45620",8680,32216
"45621",8680,17108
"45622",8680,5214
"45623",8680,24825
"45624",8680,31556
"45625",8680,13974
"45626",8680,18380
"45627",8680,34155
"45688",50662,39405
"45742",53647,57289
"45743",53647,57288
"45744",53647,45217
"45745",53647,57029
"45746",53647,57028
"45747",53647,57027
"45748",53647,44631
"45749",53647,44628
"45750",53647,44625
"45751",53647,44622
"45752",53647,44620
"45753",53647,44623
"45754",53647,44633
"45755",53647,44632
"45756",53647,45219
"45757",53647,45573
"45758",53647,57020
"45759",53647,59258
"45760",53647,11491
"45761",53647,11490
"45762",53647,11493
"45763",53647,11492
"45764",53647,25046
"45765",53647,18079
"45766",53647,29006
"45767",53647,29691
"45768",53647,60247
"45769",53647,60253
"45770",53647,20742
"45772",53647,59177
"45773",53647,59221
"45775",53665,35088
"45793",53665,26464
"45835",53665,37296
"45982",53680,58745
"45983",53680,56670
"45986",5860,60491
"45990",51232,53212
"46005",33566,26946
"46085",2264,4511
"46086",2264,11550
"46087",2264,13197
"46088",2264,503
"46089",2264,6219
"46158",50334,17341
"46209",49231,61142
"46210",49231,61144
"46211",49231,61147
"46356",53895,57522
"46357",53895,54443
"46604",24600,60491
"46606",8694,2132
"46689",51029,57141
"46690",51029,57142
"46691",51029,57143
"46692",51029,57144
"46693",51029,57145
"46694",51029,57146
"46695",51029,57147
"46747",51029,61600
"46749",51029,61569
"46750",51029,56224
"46751",51029,39854
"46776",51029,59407
"46777",51029,40356
"46897",258,46987
"47074",54159,57502
"47189",50136,60913
"47214",8626,54991
"47215",8626,54994
"47216",8626,49017
"47217",8626,41758
"47224",8626,42433
"47225",8626,58173
"47226",8626,53880
"47227",8626,53644
"47228",8626,50209
"47229",8626,50741
"47230",8626,54340
"47231",8626,53886
"47232",8626,53903
"47233",8626,50973
"47234",8626,51048
"47235",8626,41332
"47236",8626,36167
"47237",8626,7230
"47238",8626,60042
"47239",8626,60046
"47240",8626,57551
"47241",8626,57552
"47242",8626,37370
"47243",8626,55327
"47244",8626,55332
"47245",8626,51624
"47246",8626,52408
"47247",8626,47767
"47248",8626,53062
"47249",8626,42174
"47250",8626,47769
"47251",8626,47642
"47252",8626,42173
"47355",29542,9896
"47491",33566,62658
"47492",33566,62388
"47603",2288,12801
"47604",2288,16673
"47605",2288,1089
"47606",2288,343
"47607",2288,9589
"47608",2288,5062
"47880",54334,22967
"47881",54334,22966
"48088",54406,22704
"48089",54406,22706
"48090",54406,49368
"48091",54406,61244
"48354",50853,21569
"48355",50853,30859
"48356",50853,26659
"48359",50853,41812
"48564",29542,46555
"48570",49231,50374
"48571",49231,50376
"48751",54592,1573
"48760",54592,43282
"48800",4732,2167
"49018",50334,63567
"49019",50334,52933
"49051",54518,43849
"49135",54708,44646
"49136",54708,44649
"49137",54708,49317
"49138",54708,44057
"49139",54708,44058
"49140",54708,34189
"49141",54708,31076
"49142",54708,31274
"49150",54708,29077
"49151",54708,42148
"49152",54708,29074
"49153",54708,42144
"49155",54708,42146
"49156",54708,29076
"49238",50853,38390
"49239",50853,52979
"49240",50853,29396
"49275",50853,46107
"49532",52893,60780
"49533",52893,50387
"49573",33566,64743
"49589",50853,64743
"49590",50853,50470
"49591",50853,51834
"49612",54854,58842
"49653",29956,47767
"49654",29956,53062
"49655",29956,42174
"49656",29956,27698
"49657",29956,19880
"49658",29956,61972
"49659",29956,28189
"49660",29956,27121
"49661",29956,27123
"49662",29956,44678
"49663",28839,52461
"49664",29956,53903
"49665",29956,37732
"49667",29956,36117
"49668",29956,37734
"49670",29956,36166
"49671",29956,37736
"49674",29956,44273
"49675",29956,44274
"49676",29956,32213
"49677",29956,18378
"49679",29956,61394
"49680",29956,61396
"49681",29956,9765
"49682",29956,10373
"49683",29956,21172
"49776",1930,64893
"49777",1930,64875
"49797",2264,2132
"49798",2264,26797
"49799",2264,3681
"49800",2264,4332
"49801",2264,5727
"49802",2264,12919
"49803",2264,1781
"49804",2264,5057
"49808",2264,3225
"49809",2264,2128
"49989",54949,53509
"49990",54949,52762
"49991",54949,52414
"49992",54949,53510
"50051",258,65104
"50052",258,64791
"50053",258,46885
"50054",2264,148
"50055",2264,9060
"50056",2264,9059
"50057",2264,9065
"50226",55000,61142
"50227",55000,61143
"50228",55000,61144
"50229",55000,61145
"50267",51232,1861
"50268",51232,1854
"50269",51232,4034
"50270",51232,1859
"50271",51232,1860
"50294",50853,32973
"50295",50853,21571
"50296",50853,21417
"50297",50853,21416
"50298",50853,21415
"50299",50853,32971
"50300",50853,21572
"50301",50853,22482
"50302",50853,22370
"50303",50853,33962
"50304",50853,16251
"50305",50853,36956
"50306",50853,21570
"50307",50853,42575
"50308",50853,38518
"50309",50853,36859
"50310",50853,42574
"50311",50853,22089
"50312",50853,17074
"50313",50853,25088
"50314",50853,17076
"50315",50853,25287
"50316",50853,18078
"50317",50853,18076
"50318",50853,22010
"50319",50853,23376
"50320",50853,13334
"50321",50853,25139
"50322",50853,7144
"50323",50853,33684
"50324",50853,25138
"50325",50853,10938
"50353",55029,64617
"50416",50853,3564
"50417",50853,47458
"50418",50853,24744
"50419",50853,24742
"50420",50853,1141
"50421",50853,54587
"50422",50853,31959
"50423",50853,64888
"50424",50853,63866
"50534",49231,42703
"50554",55064,56416
"50555",55064,55221
"50556",55064,49753
"50616",33566,12769
"50617",33566,12772
"50618",33566,64939
"50619",33566,59967
"50622",33566,42983
"50625",33566,53065
"50646",55064,44515
"50647",55064,44516
"50650",33566,26961
"50935",21653,24748
"50936",21653,44192
"50994",399,679
"50996",399,2641
"51059",27963,63567
"51060",27963,41478
"51061",27963,48553
"51062",27963,44614
"51063",27963,41477
"51064",27963,57622
"51065",27963,54499
"51066",27963,57047
"51067",27963,52933
"51068",27963,59816
"51069",27963,27001
"51447",50853,39910
"51448",50853,63365
"51449",50853,13205
"51450",50853,36226
"51451",50853,47401
"51452",50853,29828
"51453",50853,10784
"51486",33566,28820
"51517",50662,86
"51518",50662,81
"51519",50662,82
"51520",50662,84
"51637",50136,66392
"51638",50136,66393
"51639",50136,66396
"51681",29542,26248
"51738",55351,21637
"51739",55351,22480
"51740",55351,21568
"51741",55351,22479
"51742",55351,22482
"51743",55351,22481
"51744",55351,21574
"51745",55351,21639
"51746",55351,21572
"51747",55351,22906
"51748",55351,22370
"51749",55351,22222
"51751",55351,21416
"51755",55351,21415
"51756",55351,21417
"51757",55351,66392
"51758",55351,66393
"51759",55351,66395
"51760",55351,66396
"51775",55351,51885
"51776",55351,41321
"51780",55351,50785
"51782",55351,43209
"51783",55351,54991
"51784",55351,42300
"51789",55351,51048
"51790",55351,35253
"51801",55363,66211
"51965",55351,64051
"51976",55351,66010
"51977",55351,30766
"51980",55351,5211
"51983",55351,5207
"51985",55351,5206
"52111",50136,56416
"52121",49231,66396
"52122",49231,66395
"52361",55464,30924
"52362",55464,50406
"52368",33566,66728
"52610",21653,13370
"52611",21653,3656
"52764",55540,42180
"52920",29956,66457
"53305",55000,5148
"53306",55000,5144
"53307",55000,59658
"53308",55000,59659
"53309",55000,22617
"53310",55000,30006
"53389",55000,39522
"53838",55739,32644
"53839",55739,64926
"53840",55739,64940
"53841",55739,1127
"53842",55739,56370
"53891",55739,5639
"53966",55790,7703
"53967",55790,7705
"53968",55790,16927
"53969",55790,46782
"54025",51029,62620
"54028",51029,8405
"54029",51029,30585
"54030",51029,6270
"54031",51029,6265
"54032",51029,21637
"54123",55611,4749
"54160",55000,24661
"54161",55000,13942
"54162",55000,67758
"54163",55000,67999
"54164",55000,67926
"54165",55000,68000
"54166",55000,68002
"54167",55000,34007
"54168",55000,34006
"54169",55000,34005
"54170",55000,33997
"54171",55000,33996
"54172",55000,33984
"54173",55000,33978
"54174",55000,33976
"54178",51029,18361
"54181",191,2998
"54182",191,32636
"54183",51029,8406
"54273",51029,6259
"54274",51029,67734
"54275",51029,67733
"54385",55913,14741
"54386",55913,5402
"54387",55913,14743
"54388",55913,50279
"54389",55913,9797
"54390",55913,61937
"54391",55913,50169
"54392",55913,63716
"54393",55913,12849
"54394",55913,9796
"54395",55913,65146
"54396",55913,23881
"54397",55913,14739
"54398",55913,14744
"54419",51029,8407
"54429",51029,68254
"54439",22587,20741
"54461",3108,27586
"54462",3108,11251
"54463",3108,22325
"54482",55000,61397
"54483",55000,61396
"54484",55000,61398
"54485",55000,9765
"54486",55000,27425
"54487",55000,16358
"54488",55000,27426
"54489",55000,9769
"54490",55000,32644
"54491",55000,32646
"54492",55000,32645
"54711",8323,21415
"54756",6803,9065
"54774",55913,51530
"54855",55000,29666
"54856",55000,29669
"54857",55000,59654
"54858",55000,30766
"54859",55000,30004
"54860",55000,65392
"54861",55000,59651
"54862",55000,59652
"54863",56068,2292
"54884",6803,9058
"54885",6803,9059
"54886",6803,9067
"55004",3553,33312
"55152",56215,22479
"55153",56215,21639
"55154",55913,42133
"55155",55913,42093
"55156",55913,15768
"55157",55913,15766
"55158",55913,15808
"55182",56198,42212
"55183",56198,47212
"55184",56198,56305
"55185",56198,56304
"55186",56198,57436
"55187",56198,30648
"55344",56286,19508
"55438",54518,22641
"55439",54518,22640
"55586",8694,5058
"55587",8694,5057
"55588",8694,19865
"55612",2164,53626
"55613",2164,38607
"55614",2164,53622
"55615",2164,66154
"55864",5474,54756
"55866",30526,52408
"55873",30526,44515
"55874",30576,51881
"55891",53831,67767
"55892",53831,20762
"55893",53831,67766
"55928",56617,69296
"55929",56617,69295
"55930",56617,69290
"55931",56617,69291
"55932",56617,69293
"55933",56617,68662
"55934",56617,68729
"56134",55000,54759
"56150",56739,69094
"56185",55000,34008
"56186",55000,42704
"56187",55000,53078
"56188",55000,55224
"56189",55000,35358
"56190",55000,35357
"56191",55000,36021
"56192",55000,48769
"56193",55000,48778
"56194",55000,48780
"56195",55000,52093
"56196",55000,32901
"56197",55000,52090
"56198",55000,32898
"56199",55000,52088
"56200",55000,33241
"56201",55000,32888
"56202",55000,62432
"56203",55000,64636
"56204",55000,68523
"56205",56757,36074
"56206",56757,51205
"56207",56757,51208
"56208",56757,51206
"56220",29956,50308
"56221",29956,25779
"56275",51029,69755
"56477",30526,18310
"56610",57004,70460
"56882",57139,70141
"56883",57139,70335
"56884",57139,70462
"57177",57171,10531
"57178",57171,7948
"57184",57139,29446
"57185",57139,28801
"57188",57139,70336
"57189",57139,66392
"57190",57139,66393
"57191",57139,9318
"57192",57139,9319
"57193",57139,9320
"57194",57139,40509
"57532",55351,70944
"57542",50853,70401
"57567",57250,21578
"57568",57250,22907
"57569",57250,21637
"57570",57250,69894
"57571",57250,21569
"57572",57250,33671
"57573",57250,9037
"57574",57250,16252
"57676",20008,11247
"57677",20008,11250
"57678",20008,11249
"57679",20008,11245
"57680",20008,11252
"57681",20008,11244
"57682",20008,11246
"57683",20008,11248
"57684",20008,11251
"57740",49340,18236
"57741",49340,2558
"57742",49340,22482
"57743",49340,22479
"57744",49340,21416
"57745",49340,31450
"57746",49340,2564
"57747",49340,30118
"57781",11385,24743
"57782",11385,24744
"57821",46597,64888
"57822",46597,63865
"57823",46597,50923
"57824",46597,70779
"57826",46597,68073
"57827",46597,48860
"57828",46597,67560
"57829",46597,57916
"57830",46597,56858
"57831",46597,53029
"57832",46597,51687
"57833",46597,47926
"57834",46597,47327
"57918",55351,70351
"57920",55351,56780
"57943",55351,69043
"57986",3108,1944
"58619",55000,33999
"58620",55000,24276
"58621",55000,55165
"58691",3553,9357
"58692",3553,31912
"58736",57999,68492
"58737",57999,1800
"58896",58131,21828
"58944",58131,68433
"58945",58131,72294
"58947",50318,50748
"58948",50318,50774
"58949",50318,50776
"58950",50318,51580
"58951",50318,50752
"58952",50318,50749
"58953",50318,50746
"58954",50318,50772
"58955",50318,50781
"58956",50318,50751
"58957",50318,50782
"59040",58231,67766
"59041",58231,67767
"59042",58231,56668
"59043",58231,69124
"59044",58231,67773
"59056",14636,59281
"59216",55064,66396
"59229",55064,70829
"59345",58231,69711
"59389",49940,72560
"59406",8626,62479
"59407",8626,60486
"59408",8626,60491
"59409",8626,57049
"59599",30597,38351
"59932",50662,28299
"59933",58549,53832
"59935",50662,68649
"59936",58549,24745
"59937",58549,524
"59938",58549,36627
"59939",58549,525
"59940",58549,523
"59941",58549,24747
"59942",58549,24742
"59943",58549,24746
"59944",58549,24744
"59945",58549,24749
"59946",58549,24743
"59947",58549,24748
"59948",58549,26958
"59949",58549,26966
"59950",58549,5147
"59951",58549,10203
"59952",58549,5146
"60068",58583,72743
"60069",58583,72742
"60070",58583,72740
"60071",58583,72739
"60072",58583,70460
"60073",58583,70458
"60074",58583,70140
"60075",58583,70334
"60076",58583,70141
"60077",58583,70335
"60078",58583,70212
"60079",58583,70336
"60080",58583,70333
"60081",58583,70462
"60463",58719,70831
"60505",9851,1853
"60506",9851,8579
"60549",30880,73078
"60683",49940,73514
"60714",58583,73052
"60715",58583,73051
"60846",57250,65199
"60847",57250,27205
"60848",57250,5066
"60849",57250,65200
"60950",58853,73139
"61178",30397,73773
"61426",58970,15702
"61427",58970,23256
"61428",58970,23027
"61429",58970,23029
"61430",58970,23026
"61431",58970,23047
"61432",58970,22250
"61433",58970,23046
"61738",30053,30832
"61739",30053,28662
"61740",30053,33541
"61741",30053,34036
"61742",30053,23933
"61913",58583,74273
"61914",58583,74274
"62041",59126,7704
"62042",59126,25681
"62043",59126,7706
"62044",59126,28208
"62045",59126,170
"62046",59126,26678
"62047",59126,46782
"62048",59126,7710
"62049",59126,3392
"62050",59126,3642
"62051",59126,25680
"62052",59126,3317
"62053",59126,64273
"62054",59126,36160
"62219",49940,74284
"62462",55064,73008
"62603",50136,70073
"62604",50136,70004
"62607",50136,70944
"62712",58404,24757
"62713",58404,170
"62714",58404,26678
"62728",55000,5150
"62729",55000,51641
"62730",55000,51651
"62731",55000,54054
"62732",55000,10372
"62733",55000,5207
"62734",55000,5208
"62735",55000,5211
"62736",55000,22328
"62737",55000,22325
"62738",55000,5212
"62739",55000,70829
"62870",58404,71673
"62940",9664,74666
"63286",58480,3790
"63287",58480,18538
"63300",50136,73008
"63301",50136,65164
"63302",50136,70075
"63426",59442,68494
"63603",56335,21652
"63604",56335,49704
"63605",56335,15576
"63606",56335,15579
"63607",56335,51187
"63608",56335,5948
"63609",56335,15578
"63610",56335,734
"63611",56335,13315
"63612",56335,15577
"63613",56335,15580
"63614",56335,18945
"63615",56335,37852
"63616",56335,5947
"63617",56335,15581
"63618",56335,13314
"63626",8323,21416
"63627",8323,21568
"63628",8323,22482
"63656",49344,35971
"63657",49344,22480
"63676",59568,19882
"63678",59568,25104
"63695",59574,74592
"63696",59574,74596
"63697",59574,74589
"63698",59574,74588
"63699",59574,74601
"63700",59574,74594
"63701",59574,74595
"63711",55000,51624
"63776",48860,32301
"63777",48860,4641
"63778",48860,32606
"63781",48860,3019
"64085",59753,25682
"64086",59753,62826
"64087",59753,57626
"64089",55000,10584
"64090",55000,10577
"64159",55000,10582
"64356",59922,73104
"64733",60216,50251
"64734",60216,8390
"64735",60216,21962
"64737",60216,63406
"64762",2927,52979
"64770",60221,50251
"64771",60221,8390
"64772",60221,21962
"64773",60221,63406
"64792",60216,21963
"65497",60221,21963
"65500",60424,33481
"65805",60221,13609
"65806",60221,75703
"65807",60221,75284
"65809",60221,34438
"65810",60221,34437
"65811",60221,34439
"65812",60221,34440
"65910",60629,36164
"65911",60629,25683
"65912",60629,25833
"65913",60629,66047
"65914",60629,3390
"65915",60629,3392
"65916",60629,37380
"65964",60642,32646
"65965",60642,3656
"65966",60642,4181
"65967",60642,64926
"65968",60642,11820
"65969",60642,11825
"65978",55064,76306
"66130",60691,68027
"66299",29542,60301
"66530",60910,20762
"66531",60910,21614
"66533",60910,20423
"66675",57250,57371
"66676",57250,63597
"66677",57250,78227
"66678",57250,57374
"66679",57250,57375
"66707",61005,14901
"66708",61005,14900
"66709",61005,14902
"66710",61005,57641
"66711",61005,60033
"66756",61026,75618
"66757",61026,64809
"66758",61026,62811
"66759",61026,60506
"66800",49940,77835
"66801",49940,77832
"66902",61092,36162
"66903",61092,43771
"67006",54797,1844
"67007",54797,1276
"67008",54797,7394
"67009",54797,7718
"67010",54797,7717
"67213",25603,7948
"67214",25603,7952
"67215",25603,56059
"67256",61182,73169
"67257",61182,73179
"67258",61182,78665
"67259",61182,78693
"67260",61182,78695
"67261",61182,78669
"67262",61182,78694
"67263",61182,73930
"67264",61182,73926
"67265",61182,74266
"67266",61182,74269
"67295",61196,7301
"67296",61196,23547
"67307",61196,18642
"67308",61196,7300
"67309",61196,7603
"67501",60422,75824
"67502",60422,75829
"67503",60422,77071
"67504",60422,77066
"67505",60422,44679
"67506",60422,69498
"67507",60422,72555
"67508",60422,75293
"67509",60422,25104
"67510",60422,19880
"67524",61268,21637
"67525",61268,22479
"67526",61268,22482
"67527",61268,22481
"67541",61268,22480
"67566",61268,78108
"67567",61268,47769
"67569",61268,52234
"67570",61268,73078
"67571",61268,73079
"67572",61268,69788
"67573",61268,70432
"67606",61184,65030
"67615",55000,75824
"67616",50853,77286
"67617",61268,75829
"67618",50853,16252
"67629",8694,6271
"67630",8694,5051
"67702",61326,21417
"67703",61326,35974
"67704",61326,21415
"67705",61326,77066
"67706",61326,44679
"67707",61326,44681
"67708",61326,51225
"67709",61326,51226
"67710",61326,51227
"67711",61326,51229
"67712",61326,69498
"67713",61326,69499
"67802",51029,71397
"67803",51029,59099
"67885",61394,9063
"67886",61394,5064
"67887",61394,20423
"67888",61394,4968
"67889",61394,1746
"67890",61394,9062
"67891",61394,9060
"67892",61394,5063
"67893",61394,4971
"67894",61394,20420
"67895",61394,4970
"67896",61394,20424
"67897",61394,26242
"67898",61394,5286
"67899",61394,12032
"67900",61394,15538
"67901",61394,24182
"67902",61394,574
"67903",61394,575
"67904",61394,20419
"67905",61394,20417
"67906",61394,20421
"67907",61394,25649
"67908",61394,4969
"67909",61394,20592
"67910",61394,20593
"67911",61394,7701
"67912",61394,43072
"67913",61394,20605
"67914",61394,20604
"67915",61394,20607
"67916",61394,5066
"67949",61423,76339
"67985",61423,23549
"67986",61423,3425
"67987",61423,11307
"67988",61423,11071
"67989",61423,30293
"68033",61423,11072
"68034",61423,3426
"68035",61423,11066
"68133",61423,32981
"68134",61423,12408
"68229",55000,5153
"68230",55000,77888
"68231",55000,77884
"68235",61423,37752
"68240",61579,47203
"68241",61579,47237
"68242",61579,47236
"68243",61579,47238
"68244",61579,4642
"68245",61579,956
"68246",61579,4643
"68247",61579,4644
"68248",61579,4645
"68249",61579,40527
"68250",61579,40549
"68251",61579,40550
"68408",61268,69745
"68409",61268,77215
"68419",61642,43998
"68420",61644,18638
"68480",50136,79669
"68733",61749,21418
"68824",61771,9158
"68825",61771,61320
"68826",61771,12139
"68827",61771,69399
"68828",61771,1548
"68829",61771,25
"68830",61771,20995
"68831",61771,9156
"68918",61268,78109
"68945",61644,13740
"68946",61644,43862
"68968",60422,79979
"69236",61268,47356
"69335",55000,45374
"69336",55000,45365
"69337",55000,67964
"69423",61961,523
"69467",61973,41399
"69614",55000,47767
"69615",55000,19876
"69616",55000,19878
"69617",55000,20781
"69618",55000,20782
"69619",55000,5151
"69620",55000,50828
"69621",55000,50829
"69622",55000,50830
"69623",55000,49774
"69624",55000,49772
"69625",55000,80613
"69626",55000,80610
"69627",55000,21724
"69632",55000,27586
"69633",55000,27585
"69636",55000,27588
"69637",55000,53716
"69638",55000,53717
"69640",52550,64722
"69641",52550,74378
"69642",52550,64726
"69643",52550,7089
"69644",52550,60616
"69645",52550,60618
"69754",62108,36159
"69755",62108,8892
"69756",8521,36956
"69772",62115,68027
"69773",62115,3390
"69774",62115,56958
"69775",62115,14386
"69776",62115,7710
"69778",7646,81
"69835",49940,80985
"69836",49940,80040
"69837",49940,80532
"69838",49940,79144
"69895",62185,9064
"69896",62185,3016
"69897",62185,2402
"69898",62185,9059
"69899",62185,9058
"69900",62185,17260
"69906",62041,80605
"69907",62041,77760
"69908",62041,73513
"69909",62041,58507
"69910",62041,77195
"69911",62041,76096
"69912",62041,6265
"69913",62041,6266
"69914",62041,6269
"69915",62041,6276
"69917",62041,72826
"69919",62041,31161
"69977",62209,64240
"69978",62209,78572
"69980",62209,79197
"70023",62209,81308
"70029",62209,58008
"70030",62209,80565
"70031",62209,77874
"70032",62209,48068
"70033",62209,6268
"70038",61966,75686
"70039",61966,68491
"70040",61966,23092
"70041",61966,27602
"70043",62209,42422
"70044",62209,80632
"70045",62209,1089
"70046",62209,4126
"70047",62209,57357
"70048",62209,57358
"70050",62209,57355
"70052",62209,57356
"70053",61966,41666
"70054",61966,42983
"70055",61966,51702
"70059",61966,52439
"70064",62232,12923
"70131",61966,33562
"70148",28839,75293
"70294",62209,81399
"70295",62209,69564
"70321",61966,41638
"70371",62209,50009
"70372",62209,26075
"70373",62209,26141
"70374",62209,14803
"70375",62209,14805
"70816",30397,46536
"70817",30397,44192
"70900",61268,79979
"70976",62553,63694
"70977",62553,21412
"70978",62553,21409
"70979",62553,21414
"70980",62553,21410
"70981",62553,31071
"70982",62553,21413
"70983",62553,23044
"70984",62553,21411
"71231",62624,64065
"71232",62624,64221
"71233",62624,28231
"71234",62624,43316
"71235",62624,45816
"71236",62624,45821
"71237",62624,54643
"71238",62624,53335
"71239",62624,65757
"71270",62667,7495
"71271",62209,74538
"71272",62209,74693
"71273",62209,74695
"71278",62209,82235
"71369",62696,10689
"71371",62696,64775
"71373",62696,68001
"71773",2116,59905
"71852",62775,51881
"71853",62775,19879
"71854",62775,40537
"71855",62775,40339
"71858",62775,76980
"71860",62775,77261
"71866",62775,49506
"71872",25603,7809
"71920",60508,27033
"71921",60508,51834
"72124",61966,23089
"72293",63030,70944
"72303",42923,29446
"72304",42923,27698
"72305",42923,75293
"72347",50136,61144
"72418",63030,78205
"72419",63030,75293
"72420",63030,28801
"72421",63030,52408
"72422",63030,47767
"72423",63030,76306
"72424",63030,66396
"72530",49231,83203
"72617",61268,80854
"72710",55000,20788
"72711",55000,20787
"72712",55000,20784
"72713",55000,79448
"72714",55000,37734
"72715",55000,36196
"72716",55000,50308
"72717",55000,79843
"72756",49231,83397
"72762",63030,73317
"72763",63030,47769
"72768",63030,27698
"72769",63030,26220
"72854",63030,77070
"72855",63030,28189
"72857",9664,83144
"72858",63030,26979
"72859",63030,77066
"72860",9664,74790
"72861",9664,74135
"72868",63030,40538
"72889",9664,82147
"72983",9664,41793
"72984",9664,41796
"72985",9664,41797
"72986",9664,45350
"73010",50136,83777
"73012",50136,55221
"73013",50136,74950
"73014",50136,74949
"73041",63345,2304
"73069",63255,7417
"73070",63255,7418
"73071",63255,7419
"73072",63255,7420
"73073",63255,7421
"73074",63255,60317
"73075",63255,69884
"73076",63255,69882
"73082",63255,69886
"73085",63255,69888
"73086",63255,69887
"73088",63255,69885
"73090",63255,1255
"73091",63255,1256
"73092",63255,1257
"73093",63255,11677
"73094",63255,16127
"73128",63255,20219
"73130",63255,46974
"73131",63255,58623
"73132",63255,59276
"73133",63255,59277
"73134",63255,59278
"73234",63255,61879
"73235",63255,61882
"73236",63255,61883
"73238",63255,79281
"73239",63255,79282
"73240",63255,79284
"73244",63255,79286
"73245",63255,9089
"73246",63255,9090
"73247",63255,9091
"73248",63255,9092
"73250",63255,9093
"73251",63255,9094
"73253",63255,63639
"73254",63255,63638
"73255",63255,63642
"73256",63255,63643
"73257",63255,63644
"73258",63255,34189
"73259",63255,31076
"73260",63255,31274
"73261",63255,31275
"73262",63255,44646
"73263",63255,44649
"73264",63255,49317
"73265",63255,44057
"73266",63255,44058
"73267",63255,14186
"73268",63255,14187
"73269",63255,14188
"73270",63255,14189
"73271",63255,14190
"73272",63255,11029
"73273",63255,11030
"73274",63255,11031
"73275",63255,11339
"73276",63255,11340
"73277",63255,11341
"73278",63255,11342
"73279",61922,79074
"73280",61922,74791
"73281",61922,73078
"73282",61922,73079
"73283",61922,62479
"73284",61922,60486
"73285",61922,60491
"73286",61922,57049
"73287",61922,53764
"73288",61922,53766
"73289",61922,51885
"73290",61922,51881
"73291",63255,6935
"73292",63255,41251
"73293",63255,10886
"73294",63255,6934
"73295",63255,41253
"73300",63255,10887
"73301",63255,45474
"73302",63255,3831
"73303",63255,45229
"73304",63255,3834
"73305",63255,3833
"73306",63255,3832
"73307",63255,3840
"73308",63255,3838
"73309",63255,3841
"73310",63255,3830
"73314",63255,3824
"73316",63255,3837
"73405",62209,83442
"73406",62209,82666
"73408",62209,82665
"73411",62209,81345
"73413",62209,82841
"73420",61966,78270
"73567",50662,11905
"73607",55351,83777
"73608",55351,77929
"73609",55351,73008
"73631",63255,24668
"73632",63255,24669
"73637",63255,23044
"73638",63255,23045
"73639",63255,23046
"73649",63255,68521
"73653",63255,13743
"73654",63255,13747
"73657",63255,15953
"73658",63255,15954
"73659",63573,19250
"73670",63255,21409
"73671",63255,21408
"73672",63255,24430
"73673",63255,24431
"73674",63255,24432
"73690",63255,56456
"73691",63255,34382
"73692",63255,9967
"73693",63255,4236
"73695",63255,10587
"73696",63255,7598
"73697",63255,10585
"73698",63255,10586
"73699",63255,4215
"73706",63255,4238
"73716",63255,21025
"73717",63255,31071
"73718",63255,31069
"73745",61966,66798
"73799",63255,48597
"73801",63255,73630
"73802",63255,62347
"73803",63255,60980
"73804",63255,60168
"73805",63255,59355
"73806",63255,59319
"73807",63255,58471
"73808",63255,58581
"73836",49340,21417
"73837",49340,21418
"73909",49340,35253
"73910",49340,49752
"73941",9216,84529
"73944",9216,23284
"73945",9216,23283
"74067",58583,77266
"74068",58583,77261
"74069",58583,77264
"74070",58583,77267
"74071",58583,84663
"74072",58583,84664
"74085",60422,84463
"74119",51029,78572
"74274",55064,83777
"74928",63947,5064
"75372",63947,85371
"75373",63947,82840
"75409",64099,13051
"75410",64099,3931
"75411",64099,26680
"75412",64099,10959
"75413",64099,13056
"75415",64099,45325
"75475",63030,84323
"75481",60422,84323
"75482",60422,78205
"75483",60422,79074
"75484",60422,73079
"75485",60422,60491
"75486",60422,57049
"75487",60422,40681
"75565",63407,50157
"75652",63345,78501
"75930",55064,84323
"75931",55064,79979
"75932",55064,78109
"75933",55064,78205
"75941",55064,40535
"75987",63030,27699
"75988",63030,19880
"76064",64327,53171
"76065",64327,35604
"76066",64327,5056
"76067",64327,65203
"76068",64327,5057
"76158",31067,22479
"76159",31067,21613
"76160",31067,21581
"76161",31067,35971
"76162",31067,22907
"76163",31067,21576
"76164",31067,21579
"76165",31067,21574
"76166",31067,29701
"76167",31067,22482
"76202",64398,26345
"76203",64398,4182
"76204",64398,15579
"76205",64398,13312
"76206",64398,5948
"76207",64398,49704
"76208",64398,21650
"76209",64398,9744
"76215",64398,31849
"76259",31067,12332
"76260",31067,22301
"76261",31067,21580
"76262",31067,15581
"76263",31067,13627
"76435",64493,78740
"76436",64493,84018
"76437",64493,78574
"76438",64493,50456
"76439",64493,6563
"76440",64493,6559
"76441",64493,6556
"76442",64493,6557
"76443",64493,6551
"76444",64493,16514
"76627",63947,26461
"76628",63947,26464
"76834",3951,13687
"76835",3951,13686
"76836",3951,13691
"76837",3951,18108
"76838",3951,13688
"76889",64493,58581
"77020",61966,13609
"77065",64493,75189
"77071",54949,87655
"77072",54949,66557
"77192",64926,3831
"77193",64926,45229
"77194",64926,3834
"77195",64926,45474
"77196",64926,3833
"77197",64926,3832
"77198",64926,3840
"77199",64926,3838
"77200",64926,3841
"77201",64926,3830
"77202",64926,3824
"77203",64926,3837
"77204",64926,3835
"77205",64926,3827
"77206",64926,3836
"77207",64926,3825
"77208",64926,3823
"77209",64926,3829
"77210",64926,3822
"77211",64926,3826
"77353",60422,69043
"77354",60422,85929
"77355",60422,85952
"77618",64660,76221
"77738",60422,37370
"77855",55000,68884
"77856",55000,68891
"77857",55000,45519
"77859",55000,43470
"77861",55000,70775
"77862",55000,78777
"77864",55000,1022
"77865",55000,4755
"77866",55000,23080
"77867",55000,21014
"77901",65227,46206
"77902",65227,45966
"77954",65227,64888
"77955",65227,86822
"78240",55064,64698
"78241",55064,65164
"78242",55064,88255
"78243",55064,77948
"78244",55064,35198
"78245",55064,43209
"78246",55064,73009
"78248",55064,73078
"78250",55064,60491
"78251",55064,57048
"78252",55064,41321
"78253",55064,41322
"78254",55064,72555
"78255",55064,37732
"78256",55064,52319
"78263",55064,77567
"78336",65389,80141
"78337",65389,83400
"78384",65438,14389
"78680",21653,60709
"78776",65585,88591
"78777",65585,73078
"78778",65585,42729
"78779",65585,75191
"78780",65585,84636
"78781",65585,64239
"78782",65585,64236
"78792",29542,88377
"78793",29542,85380
"78794",29542,84531
"78795",29542,84345
"78796",29542,81399
"78865",55064,74560
"78909",51029,88377
"78910",65585,80908
"78911",65585,87626
"78956",65643,83050
"78957",65643,73433
"78958",65643,83058
"78959",65643,86180
"78960",65643,73437
"78961",65643,86187
"78962",65647,48318
"78963",65647,48320
"78964",65647,48322
"78965",65647,48323
"79022",30880,88747
"79120",60422,88747
"79121",60422,88546
"79160",65788,23338
"79213",65832,22640
"79214",65832,22639
"79215",65832,22638
"79216",65832,22641
"79217",65832,22642
"79218",65832,22637
"79592",65585,87352
"79652",65981,32216
"79653",65981,32213
"79654",65981,18377
"79655",65981,18380
"79790",65395,89141
"79791",65395,89131
"79805",65981,66395
"79806",65981,76306
"79807",65981,70944
"79808",65981,66396
"79809",65981,71619
"79810",65981,66392
"79811",65981,66393
"79812",65981,70829
"79813",65981,71615
"79814",65981,71612
"79815",65981,71623
"79816",65981,71617
"79864",29956,88440
"79878",64850,22635
"79932",56292,63406
"80001",65981,84907
"80356",49344,83787
"80532",65389,82001
"80533",65389,90072
"80534",65389,85333
"80535",65389,89236
"80609",66338,36811
"80610",66338,21417
"80611",66338,21568
"80612",66338,22385
"80613",66338,22386
"80627",66338,75602
"80628",66338,77800
"80631",66338,82050
"80632",66344,64888
"80661",49940,89348
"80662",49940,88062
"80663",49940,87002
"80664",49940,83532
"80665",49940,84125
"80772",65585,88383
"80850",55000,36117
"80851",55000,51893
"80906",65389,81012
"80912",65389,80157
"80913",65389,80149
"80994",6282,85191
"80995",6282,85189
"80996",6282,85190
"80997",6282,85368
"81044",3108,31424
"81045",3108,31425
"81046",3108,31426
"81047",3108,31427
"81048",3108,71159
"81049",3108,52674
"81050",3108,22443
"81051",3108,22439
"81052",3108,22441
"81053",3108,80727
"81054",3108,81235
"81055",3108,81237
"81056",3108,81239
"81057",3108,81240
"81058",3108,79499
"81059",3108,79449
"81060",3108,79500
"81061",3108,79455
"81097",66529,73967
"81098",66529,3836
"81099",66529,3827
"81100",66529,14188
"81101",66529,3840
"81102",66529,7786
"81190",49940,90683
"81238",66622,7299
"81290",66628,2008
"81401",50853,87626
"81446",62209,87626
"81447",62209,52979
"81448",62209,29396
"81477",63255,11447
"81478",63255,11446
"81479",63255,76953
"81480",63255,76639
"81481",63255,77517
"81482",63255,79513
"81483",63255,79517
"81484",63255,79521
"81485",63255,79523
"81486",63255,79524
"81487",63255,79525
"81488",63255,11449
"81489",63255,11448
"81835",50136,86439
"81868",66904,36808
"81869",66904,14397
"81870",66904,7471
"81871",66904,7469
"81872",66904,7470
"81873",66904,7472
"81970",67373,69168
"82158",66904,3655
"82159",66904,13373
"82160",66904,13371
"82161",66904,1127
"82162",66904,74204
"82163",66904,13370
"82164",66904,1605
"82165",66904,88325
"82167",62690,91688
"82168",62690,91689
"82169",62690,91690
"82171",66904,13375
"82176",66904,3656
"82177",66904,1125
"82188",66904,1128
"82189",66904,1130
"82190",66904,1133
"82191",66904,1134
"82194",66904,1126
"82195",66904,1129
"82196",66904,1131
"82219",66904,1607
"82220",66904,87213
"82246",67655,13407
"82247",67655,9245
"82248",67655,23651
"82249",67655,50361
"82328",66904,32646
"82329",66904,74208
"82330",66904,32644
"82380",67771,6020
"82403",67771,6021
"82420",67792,69280
"82421",67792,69281
"82422",67792,90998
"82423",67792,91082
"82424",67792,91090
"82425",67792,91089
"82426",67792,91091
"82537",67861,69280
"82538",67861,69281
"82539",67861,90998
"82540",67861,91082
"82541",67861,91090
"82542",67861,91089
"82543",67861,91091
"82589",55000,61394
"82590",55000,81020
"82591",55000,10964
"82592",55000,80510
"82593",55000,2429
"82594",55000,80233
"82595",55000,2420
"82596",55000,3563
"82597",55000,3562
"82598",55000,15460
"82599",55000,36884
"82734",68127,22118
"82735",68127,33811
"82736",68127,28244
"82737",68127,22117
"82738",68127,33036
"82739",68127,23934
"82740",68127,22121
"82741",68127,34036
"82742",68127,32870
"82743",68127,33541
"82744",68127,35162
"82745",68127,34054
"82768",66904,74202
"82769",66904,105
"82770",66904,88326
"82771",66904,104
"82772",66904,103
"82781",66904,7495
"82831",25603,4078
"82857",68242,82304
"82858",68242,82302
"82859",68242,82296
"82860",68242,82303
"82861",68242,82299
"82862",68242,82298
"82863",68242,82297
"82877",66904,7494
"82881",66904,32645
"82882",66904,14394
"82883",66904,36809
"82885",66904,4180
"82886",66904,2647
"82887",66904,14759
"83146",68401,36581
"83147",68401,86591
"83199",68434,67462
"83200",68434,9248
"83201",68434,9249
"83202",68434,6125
"83203",68434,9244
"83204",68434,5569
"83205",68434,9250
"83206",68434,8987
"83207",68434,9246
"83208",68434,26385
"83209",68434,9245
"83210",68434,9247
"83211",68434,45579
"83212",68434,29984
"83213",68434,9251
"83214",68434,1616
"83215",68434,8988
"83216",68434,5568
"83217",68434,5565
"83218",68434,5564
"83219",68434,5566
"83220",68434,5563
"83221",68434,5560
"83222",68434,5570
"83223",68434,5562
"83224",68434,5567
"83225",68434,19948
"83226",68434,36176
"83227",68434,5561
"83228",68434,5677
"83229",68434,8989
"83230",68434,8082
"83231",68434,35600
"83232",68434,131
"83233",68434,1680
"83234",68434,43923
"83235",68434,36582
"83236",68434,19785
"83237",68434,25511
"83238",68434,90312
"83239",68434,4338
"83240",68434,128
"83241",68434,77252
"83324",68465,88868
"83325",68465,88863
"83326",68465,88845
"83327",68465,88844
"83423",68434,16036
"83424",68434,8079
"83425",68434,8076
"83426",68434,8084
"83427",68434,8077
"83549",68593,79583
"83734",61268,90014
"83806",66904,14760
"83807",66904,14758
"83808",66904,865
"84225",55000,86735
"84228",55000,81582
"84229",55000,88106
"84230",55000,81945
"84231",55000,87119
"84232",55000,87121
"84233",55000,87109
"84302",68900,79420
"84313",68923,64834
"84314",68923,34450
"84315",68923,64835
"84316",68923,78149
"84317",68923,34447
"84318",68923,64839
"84319",68923,15458
"84320",68923,63302
"84321",68923,64612
"84322",68923,63829
"84323",68923,63406
"84324",68923,34439
"84325",68923,63825
"84326",68923,34441
"84327",68923,15461
"84328",68923,15466
"84329",68923,11266
"84330",68923,15457
"84393",69003,92910
"84394",69003,88440
"84395",69003,88441
"84396",69003,84904
"84397",69003,84907
"84398",69003,84906
"84399",69003,76500
"84400",69003,76498
"84401",69003,88445
"84402",69003,76499
"84403",69003,69146
"84404",69003,76497
"84405",69003,69142
"84406",69003,69043
"84407",69003,69144
"84408",69003,66459
"84409",69003,66458
"84410",69003,66457
"84411",69003,66461
"84412",69003,84908
"84413",69003,61974
"84414",69003,61972
"84415",69003,61270
"84416",69003,61272
"84417",69003,61274
"84418",69003,61976
"84419",69003,61273
"84420",69003,66460
"84501",69032,4181
"84568",55000,73244
"84569",55000,73243
"84592",69108,754
"84723",49940,94061
"84724",49940,94058
"84725",49940,94049
"84748",69003,70944
"84749",69003,66396
"84750",69003,71619
"84751",69003,66392
"84752",69003,71617
"84753",69003,71623
"84754",69003,66393
"84755",69003,71615
"84756",69003,71615
"84757",69003,70829
"84758",69003,66395
"84759",69003,71612
"84761",69003,79979
"84762",69003,78109
"84763",69003,78205
"84764",69003,28801
"84766",69003,47767
"84821",69102,94101
"84832",49790,76372
"84833",49790,28649
"84834",49790,9727
"84835",49790,1278
"84836",49790,7719
"84837",49790,28106
"84838",49790,28107
"84903",30183,42215
"84904",30183,42457
"84905",30183,87354
"84906",30183,87349
"84907",30183,87418
"84908",30183,87351
"84909",30183,87352
"84927",68593,79581
"84931",68593,79580
"84933",68593,77095
"84936",68593,77094
"84938",68593,77064
"84940",68593,84955
"84941",68593,76997
"84942",68593,76993
"84943",68593,76996
"84944",68593,79584
"85070",55000,78408
"85072",64223,73317
"85091",69311,17082
"85094",69316,77714
"85095",69316,77698
"85096",69316,77699
"85097",69316,77697
"85098",69316,77700
"85099",69316,77715
"85100",69316,77717
"85101",69316,77718
"85102",69316,77713
"85103",69316,77711
"85104",69316,77709
"85105",69316,77707
"85106",69316,77696
"85107",69316,77702
"85108",69316,77703
"85109",69316,77716
"85110",69316,77705
"85111",69316,77706
"85120",64223,89552
"85213",69396,22634
"85214",69396,18197
"85215",69396,64800
"85216",69396,18193
"85217",69396,64579
"85279",49231,94361
"85302",69441,525
"85303",69441,78585
"85304",69441,1863
"85488",57250,30118
"85511",69572,84792
"85532",69592,94942
"85580",69633,5389
"85680",39900,22373
"85718",68923,87778
"85800",63612,21896
"85801",63612,21897
"85821",50136,95203
"85895",67510,8083
"86072",57250,83563
"86142",69803,67462
"86156",69826,36924
"86163",69827,5875
"86164",69827,1680
"86165",69827,1379
"86166",69827,28570
"86167",69827,86392
"86168",69827,36580
"86169",69827,123
"86170",69827,87043
"86171",69827,1376
"86172",69827,47186
"86173",69827,13400
"86174",69827,7301
"86175",69827,62826
"86176",69827,85676
"86177",69827,37764
"86178",69827,13405
"86179",69827,7603
"86180",69827,5872
"86181",69827,7298
"86234",60319,95644
"86349",49231,95199
"86464",50136,78599
"86512",70110,96042
"86513",70110,96038
"86514",70110,96040
"86515",70110,96041
"86516",70110,96043
"86517",70110,37502
"86554",70176,16927
"86571",2605,13651
"86576",2605,81308
"86591",65647,39910
"86656",25781,8083
"86657",25781,8079
"86672",21653,24746
"86777",63030,72940
"86854",60319,93690
"86855",60319,96970
"86875",70479,96807
"86964",60422,96693
"87053",49940,97012
"87098",70567,33036
"87099",70567,35896
"87100",70567,22118
"87101",70525,4867
"87102",70525,4865
"87103",70525,4627
"87104",70525,4621
"87105",70525,4864
"87356",63030,64171
"87385",60422,92910
"87690",70747,8084
"87794",59127,88591
"87916",49940,47534
"87931",14381,21417
"87947",30576,75293
"87989",71031,75964
"87990",71031,75930
"87998",57999,21166
"87999",71031,75959
"88000",57999,3573
"88001",57999,84789
"88003",57999,3827
"88004",57999,6935
"88005",57999,3830
"88006",57999,8755
"88007",57999,61883
"88008",57999,3835
"88009",57999,1473
"88010",57999,15617
"88013",71031,72745
"88014",71031,9862
"88054",15111,24432
"88055",15111,5693
"88056",15111,27316
"88068",17955,7421
"88069",17955,3832
"88070",17955,41138
"88112",15111,902
"88113",15111,4232
"88114",15111,43357
"88115",15111,10895
"88116",15111,30960
"88117",15111,5621
"88124",3108,70214
"88257",57454,27206
"88258",57454,78501
"88259",57454,1405
"88260",57454,22
"88261",57454,1404
"88262",57454,79303
"88263",57454,2305
"88264",57454,85029
"88265",57454,78505
"88266",57454,2266
"88267",57454,53065
"88268",57454,1680
"88269",57454,79404
"88270",57454,71997
"88271",57454,62820
"88272",57454,5873
"88273",57454,38763
"88274",57454,19651
"88275",57454,50361
"88276",57454,77495
"88307",64986,36171
"88345",11730,79979
"88577",57454,76191
"88585",71749,94067
"88615",3108,80962
"88618",49231,98795
"88620",72523,61814
"88647",2122,17849
"88648",2122,5804
"88649",2122,29022
"88650",2122,5803
"88651",2122,21524
"88652",2122,29021
"88653",2122,5825
"88654",2122,5802
"88655",2122,5824
"88656",2122,5688
"88657",2122,3176
"88658",2122,5693
"88659",2122,3174
"88660",2122,5732
"88661",2122,5690
"88662",2122,5045
"88663",2122,5489
"88664",2122,5692
"88670",72566,94361
"88672",72570,78129
"88675",62916,96693
"88732",59127,93395
"88742",59127,98798
"88794",30880,60086
"89057",60319,99271
"89323",55000,77882
"89374",73738,78296
"89426",73766,97681
"89516",65521,18385
"89517",61749,84323
"89532",73821,96693
"89533",73821,99739
"89536",73821,53903
"89551",60319,99841
"89607",60319,98349
"89634",60319,99913
"89654",73876,95522
"89679",73880,68027
"89680",73880,18384
"89786",60422,99739
"89787",60422,99764
"89788",60422,61976
"89805",60319,98348
"89869",11032,99928
"89871",11032,97525
"89872",11032,64171
"89873",11032,69788
"89874",11032,83649
"89877",11032,92501
"89952",74049,63865
"89990",48969,55478
"90018",11032,84274
"90019",11032,75263
"90248",63255,100181
"90261",11032,100109
"90264",11032,88859
"90265",11032,88868
"90266",11032,88866
"90340",63255,35924
"90341",63255,63694
"90352",73821,53766
"90353",73821,84323
"90362",73703,94259
"90364",50853,64668
"90365",50853,52324
"90366",50853,52318
"90367",50853,70190
"90368",50853,67732
"90369",50853,42460
"90370",50853,67733
"90545",62569,99568
"90546",62569,81901
"90602",74405,100373
"90757",11032,93395
"90758",11032,100511
"90759",11032,93897
"90782",74518,35905
"90835",144,68521
"90836",144,84508
"90837",144,83226
"90867",2487,3209
"90868",2487,3208
"90869",60319,101144
"90874",11032,101170
"90879",55351,100826
"90890",49231,100826
"90958",51232,43396
"90985",74768,94796
"90986",74768,6190
"90987",74768,96970
"91034",49231,100858
"91082",48860,7785
"91237",74892,29074
"91247",49940,101600
"91248",49940,98509
"91249",49940,97921
"91250",49940,94837
"91251",49940,96516
"91252",49940,96703
"91253",49940,95902
"91338",49231,101553
"91339",49231,101551
"91355",11032,101175
"91356",11032,100046
"91406",74950,19255
"91407",74950,78344
"91408",74950,12040
"91412",29956,42173
"91413",29956,26302
"91414",29956,19879
"91415",29956,29446
"91526",29956,99764
"91791",11032,92408
"91937",75121,100826
"91938",75121,101144
"92011",29542,101469
"92012",29542,40741
"92062",64493,95029
"92078",47457,64587
"92114",60319,102294
"92115",60319,94521
"92116",60319,93027
"92117",60319,92491
"92118",60319,80605
"92119",60319,89887
"92120",60319,72613
"92121",60319,39908
"92122",60319,79064
"92123",60319,73513
"92124",60319,92957
"92125",60319,58507
"92126",60319,39910
"92127",60319,87215
"92128",60319,83567
"92129",60319,91355
"92130",60319,80260
"92131",60319,77760
"92132",60319,77195
"92133",60319,71413
"92134",60319,39914
"92135",60319,85701
"92136",60319,99211
"92137",60319,58582
"92138",71501,7495
"92139",39900,22386
"92141",72523,61813
"92142",58920,94955
"92226",60319,102492
"92279",39900,62936
"92280",39900,78501
"92281",39900,86974
"92282",39900,69400
"92283",39900,85037
"92490",73703,35198
"92585",11032,79839
"92624",71116,33811
"92625",71116,78676
"92626",71116,35905
"92627",71116,38328
"92628",71116,28244
"92629",71116,34052
"92630",71116,30608
"92631",71116,78678
"92632",71116,33848
"92633",71116,12187
"92634",71116,33036
"93091",65389,85334
"93092",65389,83660
"93093",65389,80155
"93094",65389,80682
"93095",65389,82791
"93096",65389,81209
"93097",65389,81011
"93098",65389,81016
"93102",60422,42729
"93103",60422,103388
"93104",60422,99859
"93105",60422,88255
"93137",55000,103160
"93138",55000,101801
"93139",55000,102050
"93140",55000,101551
"93141",55000,95200
"93200",55351,103388
"93231",75550,97196
"93235",57283,88404
"93253",60422,103586
"93254",60422,103588
"93255",60422,103592
"93344",8745,4646
"93439",55064,103388
"93474",55064,12139
"93717",60422,104104
"93759",29956,104390
"93782",60422,104390
"93893",3108,1838
"93899",3108,42234
"93900",3108,42779
"93903",3108,42765
"93904",3108,79323
"93905",3108,42756
"93906",3108,50415
"93907",3108,99551
"93987",50136,104370
"94304",60319,104634
"94487",75033,100826
"94643",71749,87352
"94975",76463,88260
"94976",76463,88266
"94977",76463,88528
"94978",76463,88532
"94979",76463,88534
"94980",76463,87577
"94981",76463,88531
"94982",76463,88533
"94983",76463,87575
"94984",76463,88262
"94985",76463,88535
"94986",76463,88536
"94987",76463,87576
"94988",76463,88265
"94989",76463,87581
"95000",76463,87586
"95149",65959,87352
"95150",65959,87354
"95613",76720,100050
"95614",76720,77222
"95615",76720,77221
"95616",76720,77223
"95652",60319,106345
"95689",49940,106164
"95707",50136,106675
"95884",9664,104634
"95885",9664,39910
"95886",76772,525
"96103",3642,96947
"96104",3642,96948
"96105",3642,96949
"96135",77042,21418
"96136",77042,104390
"96197",60319,67653
"96220",11032,106469
"96221",11032,105628
"96222",11032,107017
"96327",76991,107156
"96328",76991,107069
"96329",76991,107157
"96330",76991,107158
"96331",76991,107160
"96332",76991,107161
"96333",76991,107386
"96334",76991,107235
"96335",76991,107234
"96336",76991,107233
"96337",76991,107227
"96338",76991,107225
"96339",76991,107162
"96340",76991,107066
"96341",76991,107064
"96359",76991,103961
"96360",76991,55012
"96361",76991,55013
"96362",76991,104278
"96363",76991,100836
"96364",76991,72547
"96365",76991,100839
"96366",76991,68601
"96427",48969,101197
"96921",76991,108045
"96929",60319,108032
"97038",77381,58582
"97039",77381,77195
"97040",77381,80605
"97167",76991,108312
"97168",76991,108315
"97169",76991,108316
"97170",76991,108318
"97171",76991,108319
"97172",76991,108320
"97173",76991,108321
"97174",76991,108322
"97175",76991,108323
"97186",56617,68730
"97187",56617,70929
"97188",56617,104297
"97189",56617,104298
"97190",56617,104299
"97191",56617,101763
"97192",56617,104300
"97193",56617,104303
"97194",56617,104302
"97195",56617,104301
"97196",56617,99205
"97197",56617,99204
"97198",56617,99203
"97199",56617,104304
"97200",56617,104305
"97218",73880,108312
"97257",76991,108388
"97264",77381,102294
"97265",77381,94521
"97266",77381,79064
"97267",77381,104634
"97313",77472,104297
"97314",77472,104299
"97315",77472,104298
"97316",77472,101763
"97317",77472,104300
"97318",77472,104302
"97319",77472,104301
"97320",77472,99205
"97321",77472,99204
"97322",77472,69295
"97323",77472,70929
"97324",77472,69291
"97325",77472,69293
"97326",77472,69296
"97327",77472,69290
"97328",77472,68729
"97329",77472,68662
"97330",77472,68730
"97331",77472,104305
"97332",77472,104304
"97333",77472,99203
"97359",49940,108385
"97360",49940,108384
"97361",49940,107438
"97362",49940,107937
"97389",76991,108560
"97390",76991,108561
"97391",76991,108562
"97466",76991,108565
"97467",76991,108565
"97468",76991,108566
"97469",76991,108563
"97470",76991,108313
"97471",76991,107958
"97954",60422,108883
"98013",76991,100835
"98014",76991,100844
"98015",76991,100841
"98076",75369,15108
"98142",60319,108920
"98143",60319,103029
"98144",60319,106273
"98190",77771,104297
"98191",77771,104298
"98192",77771,104299
"98193",77771,101763
"98194",77771,104300
"98195",77771,104303
"98196",77771,104302
"98197",77771,104301
"98198",77771,99205
"98199",77771,99204
"98200",77771,69295
"98201",77771,70929
"98202",77771,69291
"98203",77771,69293
"98204",77771,69296
"98205",77771,69290
"98206",77771,68729
"98207",77771,68662
"98208",77771,68730
"98209",77771,99203
"98210",77771,104304
"98211",77771,104305
"98307",49344,22479
"98308",49344,22370
"98309",49344,21614
"98310",49344,21613
"98636",77815,33036
"98637",77815,22118
"98638",77815,33811
"98639",77815,24415
"98640",77815,38328
"98664",76720,109564
"98847",77946,25260
"98928",77969,94545
"99115",77895,107850
"99116",77895,106919
"99117",77895,96107
"99118",77895,103265
"99119",77895,52324
"99120",77895,52979
"99121",77895,38390
"99122",77895,70401
"99318",78215,82147
"99319",78215,82150
"99320",76991,109858
"99360",76991,109859
"99361",76991,109862
"99362",76991,109860
"99363",76991,109861
"99364",76991,110719
"99365",78215,107156
"99368",62916,107983
"99441",78246,100826
"99451",76991,110912
"99478",76991,110721
"99479",76991,110720
"99480",76991,110722
"99481",76991,110722
"99721",76991,111184
"99836",78215,99635
"99837",78215,48537
"99955",68447,83
"99956",68447,89
"100261",78622,97025
"100283",78642,12472
"100284",78642,12473
"100285",78642,12482
"100286",78642,12481
"100287",78642,12474
"100288",78642,12475
"100289",78642,12476
"100290",78642,12477
"100291",78642,12478
"100292",78642,12479
"100293",78642,12480
"100294",78642,22797
"100295",78642,22798
"100296",78642,22799
"100297",78642,22800
"100298",78642,22801
"100299",78642,22802
"100300",78642,22803
"100301",78642,22804
"100302",78642,22805
"100303",78642,22806
"100304",78642,22807
"100305",78642,22808
"100339",76991,111466
"100341",60319,110875
"100353",78683,22797
"100354",78683,22798
"100355",78683,22800
"100356",78683,22803
"100357",78683,22805
"100358",78683,22807
"100359",78683,22799
"100360",78683,22801
"100361",78683,22802
"100362",78683,22804
"100363",78683,22806
"100364",78683,22808
"100395",77895,100574
"100396",77895,102065
"100397",77895,36956
"100398",77895,91214
"100633",78872,105234
"100638",78872,104634
"100907",63483,35429
"101167",79264,25316
"101232",48969,50376
"101233",48969,101193
"101234",48969,101194
"101235",48969,55474
"101236",48969,101195
"101237",48969,25963
"101305",76975,109680
"101306",76975,103961
"101307",76975,74932
"101383",60319,113055
"101438",11032,106725
"101439",11032,89664
"101440",11032,104409
"101441",11032,110912
"101442",11032,111826
"101443",11032,111404
"101444",11032,110023
"101470",48969,63942
"101471",8318,12473
"101472",8318,22799
"101473",8318,22797
"101474",8318,12482
"101475",8318,12481
"101476",8318,12480
"101477",8318,12472
"101478",8318,22804
"101479",8318,22803
"101480",8318,12479
"101481",8318,12478
"101482",8318,46042
"101483",8318,12477
"101484",8318,22798
"101485",8318,12476
"101486",8318,12475
"101487",8318,22801
"101488",8318,22808
"101489",8318,22805
"101490",8318,108727
"101491",8318,46039
"101492",8318,22802
"101493",8318,22806
"101612",79535,66441
"101723",76720,111845
"101811",8318,4759
"101812",8318,21021
"101813",8318,4754
"101814",8318,3395
"101832",8318,4758
"101833",8318,4755
"101834",8318,4757
"101835",8318,4753
"101837",76986,109747
"101889",79919,113422
"101890",79919,113077
"101891",79919,112371
"101892",79919,113071
"101893",79919,113065
"101894",79919,113078
"102117",80627,113077
"102118",80627,113071
"102119",80627,113078
"102137",80650,112371
"102160",80713,112371
"102161",80713,113071
"102162",80713,113065
"102200",77895,109020
"102201",77895,112818
"102202",77895,96408
"102203",77895,95886
"102204",77895,95610
"102205",77895,94605
"102206",77895,89744
"102207",77895,86751
"102224",77895,101891
"102225",77895,101892
"102226",77895,114228
"102297",60319,83144
"102298",60319,57375
"102304",77895,86162
"102305",77895,86159
"102306",77895,86160
"102307",77895,86161
"102308",77895,86223
"102414",77895,87354
"102540",60422,21637
"102770",60422,53764
"102771",60422,21676
"102772",60422,26302
"102773",60422,27699
"102774",60422,43941
"102775",60422,40339
"102776",60422,22222
"102777",60422,22480
"102778",60422,21578
"102779",60422,21573
"102780",60422,43972
"102781",60422,43982
"102782",60422,30865
"102783",60422,66395
"102784",60422,77261
"102785",60422,77591
"102786",60422,82250
"102787",60422,83777
"102788",60422,86003
"102789",60422,87354
"102790",60422,87349
"102807",3642,50492
"102809",3642,50491
"102849",81504,36160
"102906",81942,110839
"102979",77895,93253
"102980",77895,83696
"103033",82138,107312
"103068",81504,85191
"103113",82347,113907
"103119",3866,22805
"103120",3866,22803
"103121",3866,22804
"103122",3866,115084
"103123",3866,115093
"103124",3866,115092
"103125",3866,115090
"103126",3866,115087
"103127",3866,115085
"103279",82544,100379
"103280",82544,100381
"103281",82544,100377
"103282",82544,113913
"103320",82903,113065
"103321",82903,112371
"103322",82903,113071
"103323",82903,113078
"103324",82903,113077
"103325",82903,113422
"103436",77381,39914
"103507",77895,114941
"103578",21653,60302
"103579",21653,60375
"103580",21653,60301
"103635",66622,7298
"103639",77381,112951
"103839",77381,77182
"103840",77381,113055
"103841",77381,1121
"104029",77381,53212
"104040",57201,104808
"104041",57201,104803
"104042",57201,104805
"104043",57201,107017
"104044",57201,105627
"104045",57201,105628
"104046",57201,103586
"104145",60319,116534
"104199",77381,90017
"104521",77381,112663
"104729",77381,100230
"104850",77381,48316
"104851",77381,48571
"104852",77381,48313
"104853",77381,48320
"104854",77381,48322
"104855",77381,48323
"104856",77381,70858
"104857",77381,26460
"104858",77381,26459
"104859",77381,26462
"104860",77381,26466
"104861",77381,116534
"104862",77381,39910
"104863",77381,106345
"104864",77381,101144
"104865",77381,72613
"104866",77381,77760
"104867",77381,88383
"104868",77381,37373
"104869",77381,37372
"104888",50853,1446
"104889",50853,93569
"104890",50853,90797
"104891",50853,90798
"104892",50853,90796
"104913",58480,94114
"104943",83974,100056
"105144",84271,73513
"105145",84271,104634
"105146",84271,113055
"105147",84271,80605
"105150",84303,116534
"105151",84303,104634
"105152",84303,73513
"105153",84303,79064
"105154",60319,111680
"105155",84303,77195
"105156",84303,24745
"105157",84303,24742
"105191",75559,113144
"105580",84549,13191
"105595",2116,82150
"105641",50136,118446
"105722",68793,118652
"105726",50136,118643
"105915",84785,107204
"105916",84785,93315
"106163",78065,64780
"106164",78065,48597
"106165",78065,51581
"106166",78065,525
"106199",84946,27682
"106292",77381,95035
"106309",84353,33036
"106327",60319,119310
"106388",82138,94012
"106389",82138,81318
"107031",21653,24742
"107195",50136,117605
"107291",81121,113288
"107450",79401,39908
"107497",60422,118791
"107498",60422,118304
"107803",60422,118798
"107804",2122,13093
"107805",2122,13096
"107806",2122,13095
"107807",2122,13092
"107808",2122,13094
"107857",2122,3172
"107858",2122,3171
"107859",2122,3173
"107860",2122,5623
"107861",2122,72821
"108165",60422,120761
"108237",60422,120946
"108485",86221,52234
"108616",86520,68477
"108921",55000,101553
"108923",55000,77225
"108924",55000,82476
"108959",86923,45816
"108960",86923,105106
"109000",76986,104224
"109001",76986,115182
"109002",76986,115183
"109003",76986,115184
"109004",76986,104219
"109005",76986,104214
"109006",76986,104215
"109007",76986,104216
"109008",76986,104218
"109009",76986,104217
"109010",76986,104221
"109011",76986,104220
"109012",76986,104225
"109013",76986,104223
"109072",86985,117877
"109073",86985,117991
"109079",75033,71612
"109080",75033,70944
"109128",75033,118643
"109456",86936,121836
"109472",56021,19828
"109684",87257,69850
"109718",63495,122671
"109721",3108,113379
"109722",3108,87097
"109723",3108,87105
"109724",3108,94096
"109725",3108,105541
"109726",3108,105544
"109727",3108,105542
"110052",87379,122871
"110053",87379,122870
"110065",77895,122715
"110066",77895,122741
"110067",77895,122830
"110068",77895,122995
"110069",77895,122743
"110070",77895,122742
"110071",77895,122637
"110072",77895,122636
"110073",77895,122663
"110127",77381,99554
"110387",87624,104634
"110388",87624,113055
"110389",87624,110875
"110390",87624,94521
"110391",87624,102294
"110392",87624,89887
"110393",87624,77760
"110394",87624,39914
"110395",87624,71413
"110396",87624,76097
"110397",87624,76096
"110462",87653,14360
"110497",87624,121255
"110594",87717,22480
"110595",87717,21415
"110596",87717,21417
"110597",87717,123952
"110598",87717,66393
"110599",87717,70829
"110600",87717,71612
"110610",87624,58582
"110967",80099,124395
"111150",86221,120053
"111233",50136,124259
"111308",88246,123139
"111313",77381,83225
"111423",86221,125317
"111424",86221,124506
"111477",86221,109967
"111642",88622,99185
"111643",88622,99186
"111644",88622,99188
"111645",88622,99189
"111646",88622,98795
"111647",88622,98796
"111648",88622,98797
"111649",88622,98798
"111650",88622,98799
"111651",88622,98800
"111652",88622,118445
"111653",88622,118446
"111654",88622,118643
"111655",88622,118729
"111656",88622,118775
"111657",88622,118792
"111658",88622,118793
"111659",88622,118942
"111660",88622,119213
"111661",88622,119214
"111763",88717,1475
"111764",88717,19250
"111776",74650,125991
